LINK,NAME,DATE
https://www.alchemistcodedb.com/card/ts-pok-tifaret-02,A Wish for the New Year,Feb-08-2023
https://www.alchemistcodedb.com/card/ts-pok-ragnarok-02,"Spirits' Arrival, Under the White Banner",Feb-08-2023
https://www.alchemistcodedb.com/card/ts-envyria-nicaea-02,A Quiet Year for the Princess and Sacred Beast,Feb-08-2023
https://www.alchemistcodedb.com/card/ts-lust-eve-02,Lunchtime,Feb-08-2023
https://www.alchemistcodedb.com/card/ts-gluttony-awake-emmel-01,At the End of the Blue Dream,Feb-08-2023
https://www.alchemistcodedb.com/card/ts-gluttony-nimuru-02,Creation from the Bright Light,Feb-08-2023
https://www.alchemistcodedb.com/card/ts-other-uroboros-legacy-01,The Image of Truth,Feb-08-2023
https://www.alchemistcodedb.com/card/ts-north-esai-ignacio-01,Blue Light Beyond the Bloodshed,Feb-08-2023
https://www.alchemistcodedb.com/card/ts-sb-04,Promise of the Bird God and the Hero,Feb-08-2023
https://www.alchemistcodedb.com/card/ts-sb-03,Dance of the Fan Hero,Feb-08-2023
https://www.alchemistcodedb.com/card/ts-desert-kamui-heros-01,The Power of Hearts Combined,Feb-08-2023
https://www.alchemistcodedb.com/card/ts-north-estela-01,Connecting Memory and Destiny,Feb-08-2023
https://www.alchemistcodedb.com/card/ts-sloth-schmeier-01,Warmth of the Dragon of Wisdom,Feb-08-2023
https://www.alchemistcodedb.com/card/ts-2021-anniversary-45,Fifth Year Anniversary,Feb-08-2023
https://www.alchemistcodedb.com/card/ts-2021-anniversary-44,Fifth Year Anniversary,Feb-08-2023
https://www.alchemistcodedb.com/card/ts-2021-anniversary-43,Fifth Year Anniversary,Feb-08-2023
https://www.alchemistcodedb.com/card/ts-2021-anniversary-42,Fifth Year Anniversary,Feb-08-2023
https://www.alchemistcodedb.com/card/ts-2021-anniversary-41,Fifth Year Anniversary,Feb-08-2023
https://www.alchemistcodedb.com/card/ts-2021-anniversary-40,Fifth Year Anniversary,Feb-08-2023
https://www.alchemistcodedb.com/card/ts-2021-anniversary-39,Fifth Year Anniversary,Feb-08-2023
https://www.alchemistcodedb.com/card/ts-2021-anniversary-38,Fifth Year Anniversary,Feb-08-2023
https://www.alchemistcodedb.com/card/ts-2021-anniversary-37,Fifth Year Anniversary,Feb-08-2023
https://www.alchemistcodedb.com/card/ts-2021-anniversary-36,Fifth Year Anniversary,Feb-08-2023
https://www.alchemistcodedb.com/card/ts-2021-anniversary-35,Fifth Year Anniversary,Feb-08-2023
https://www.alchemistcodedb.com/card/ts-2021-anniversary-34,Fifth Year Anniversary,Feb-08-2023
https://www.alchemistcodedb.com/card/ts-2021-anniversary-33,Fifth Year Anniversary,Feb-08-2023
https://www.alchemistcodedb.com/card/ts-2021-anniversary-32,Fifth Year Anniversary,Feb-08-2023
https://www.alchemistcodedb.com/card/ts-2021-anniversary-31,Fifth Year Anniversary,Feb-08-2023
https://www.alchemistcodedb.com/card/ts-2021-anniversary-30,Fifth Year Anniversary,Feb-08-2023
https://www.alchemistcodedb.com/card/ts-2021-anniversary-29,Fifth Year Anniversary,Feb-08-2023
https://www.alchemistcodedb.com/card/ts-2021-anniversary-28,Fifth Year Anniversary,Feb-08-2023
https://www.alchemistcodedb.com/card/ts-2021-anniversary-27,Fifth Year Anniversary,Feb-08-2023
https://www.alchemistcodedb.com/card/ts-2021-anniversary-26,Fifth Year Anniversary,Feb-08-2023
https://www.alchemistcodedb.com/card/ts-2021-anniversary-25,Fifth Year Anniversary,Feb-08-2023
https://www.alchemistcodedb.com/card/ts-2021-anniversary-24,Fifth Year Anniversary,Feb-08-2023
https://www.alchemistcodedb.com/card/ts-2021-anniversary-23,Fifth Year Anniversary,Feb-08-2023
https://www.alchemistcodedb.com/card/ts-2021-anniversary-22,Fifth Year Anniversary,Feb-08-2023
https://www.alchemistcodedb.com/card/ts-2021-anniversary-21,Fifth Year Anniversary,Feb-08-2023
https://www.alchemistcodedb.com/card/ts-2021-anniversary-20,Fifth Year Anniversary,Feb-08-2023
https://www.alchemistcodedb.com/card/ts-2021-anniversary-19,Fifth Year Anniversary,Feb-08-2023
https://www.alchemistcodedb.com/card/ts-2021-anniversary-18,Fifth Year Anniversary,Feb-08-2023
https://www.alchemistcodedb.com/card/ts-2021-anniversary-17,Fifth Year Anniversary,Feb-08-2023
https://www.alchemistcodedb.com/card/ts-2021-anniversary-16,Fifth Year Anniversary,Feb-08-2023
https://www.alchemistcodedb.com/card/ts-2021-anniversary-15,Fifth Year Anniversary,Feb-08-2023
https://www.alchemistcodedb.com/card/ts-2021-anniversary-14,Fifth Year Anniversary,Feb-08-2023
https://www.alchemistcodedb.com/card/ts-2021-anniversary-13,Fifth Year Anniversary,Feb-08-2023
https://www.alchemistcodedb.com/card/ts-2021-anniversary-12,Fifth Year Anniversary,Feb-08-2023
https://www.alchemistcodedb.com/card/ts-2021-anniversary-11,Fifth Year Anniversary,Feb-08-2023
https://www.alchemistcodedb.com/card/ts-2021-anniversary-10,Fifth Year Anniversary,Feb-08-2023
https://www.alchemistcodedb.com/card/ts-2021-anniversary-09,Fifth Year Anniversary,Feb-08-2023
https://www.alchemistcodedb.com/card/ts-2021-anniversary-08,Fifth Year Anniversary,Feb-08-2023
https://www.alchemistcodedb.com/card/ts-2021-anniversary-07,Fifth Year Anniversary,Feb-08-2023
https://www.alchemistcodedb.com/card/ts-2021-anniversary-06,Fifth Year Anniversary,Feb-08-2023
https://www.alchemistcodedb.com/card/ts-2021-anniversary-05,Fifth Year Anniversary,Feb-08-2023
https://www.alchemistcodedb.com/card/ts-2021-anniversary-04,Fifth Year Anniversary,Feb-08-2023
https://www.alchemistcodedb.com/card/ts-2021-anniversary-03,Fifth Year Anniversary,Feb-08-2023
https://www.alchemistcodedb.com/card/ts-2021-anniversary-02,Fifth Year Anniversary,Feb-08-2023
https://www.alchemistcodedb.com/card/ts-2021-anniversary-01,Fifth Year Anniversary,Feb-08-2023
https://www.alchemistcodedb.com/card/ts-gluttony-mathias-01,A Reason to Bleed,Feb-08-2023
https://www.alchemistcodedb.com/card/ts-st-02,Uncountable Gloom,Feb-08-2023
https://www.alchemistcodedb.com/card/ts-wrath-rachel-02,A Gift from the Black and White Bear,Feb-08-2023
https://www.alchemistcodedb.com/card/ts-envyria-mesarthim-01,The Shield of Destruction,Feb-08-2023
https://www.alchemistcodedb.com/card/ts-desert-asuwado-02,Messenger from the Underworld,Feb-08-2023
https://www.alchemistcodedb.com/card/ts-desert-balt-02,The Chained Hawk Soars,Feb-08-2023
https://www.alchemistcodedb.com/card/ts-desert-ryle-02,Captivated by the Piercing Heart,Feb-08-2023
https://www.alchemistcodedb.com/card/ts-wrath-teresa-02,Spear Towards the End,Feb-08-2023
https://www.alchemistcodedb.com/card/ts-pok-solomon-01,Optimal Route to Victory,Feb-08-2023
https://www.alchemistcodedb.com/card/ts-envyria-kalmia-01,Like a Flower Blooming Towards the Sun,Feb-08-2023
https://www.alchemistcodedb.com/card/ts-wrath-ira-01,"Fierce Little Wolf, All Grown Up",Feb-08-2023
https://www.alchemistcodedb.com/card/ts-lust-cordelia-01,A Costumed Encounter,Feb-08-2023
https://www.alchemistcodedb.com/card/ts-gluttony-tetis-01,Tender Times on Halloween,Feb-08-2023
https://www.alchemistcodedb.com/card/ts-gluttony-zophie-01,Innocent Desert Promise,Feb-08-2023
https://www.alchemistcodedb.com/card/ts-lust-qens-02,When Dragons Began to See Humans,Feb-08-2023
https://www.alchemistcodedb.com/card/ts-lust-clabul-01,Untainted Will of Salvation,Feb-08-2023
https://www.alchemistcodedb.com/card/ts-lost-thol-04,Back-to-Back Philosophy,Feb-08-2023
https://www.alchemistcodedb.com/card/ts-lust-ainanna-02,The Inconceivably Large Flower,Feb-08-2023
https://www.alchemistcodedb.com/card/ts-wada-ikasa-02,Fireworks in the Afterlife,Feb-08-2023
https://www.alchemistcodedb.com/card/ts-wada-kaede-01,Joyful Memories at the Table,Feb-08-2023
https://www.alchemistcodedb.com/card/ts-greed-shenmei-02,Cerulean Adventures,Feb-08-2023
https://www.alchemistcodedb.com/card/ts-desert-neferty-02,A Lily of Peace Blooms Between the Waves,Feb-08-2023
https://www.alchemistcodedb.com/card/ts-lust-mielikki-01,Conditions of Partnership,Feb-08-2023
https://www.alchemistcodedb.com/card/ts-lust-celliers-01,Light of the Crystal,Feb-08-2023
https://www.alchemistcodedb.com/card/ts-north-cadanova-03,Fire Dragon Rises Again,Feb-08-2023
https://www.alchemistcodedb.com/card/ts-lust-ambrosia-02,Dream World of the Young Witch,Feb-08-2023
https://www.alchemistcodedb.com/card/ts-gluttony-zafirith-01,Consummate Drake's Imperfection,Feb-08-2023
https://www.alchemistcodedb.com/card/ts-wada-chihaya-01,Dance Through the Gentle Light,Feb-08-2023
https://www.alchemistcodedb.com/card/ts-envyria-shayna-02,Perpetual Bewitching Charm,Feb-08-2023
https://www.alchemistcodedb.com/card/ts-gl-wedding-01,What Could Have Been,Feb-08-2023
https://www.alchemistcodedb.com/card/ts-north-shah-01,In the Palm of the High Elf Reborn,Feb-08-2023
https://www.alchemistcodedb.com/card/ts-north-helene-01,A Resolution To Stick Together,Feb-08-2023
https://www.alchemistcodedb.com/card/ts-desert-basini-03,Oath of Shadows and Light,Feb-08-2023
https://www.alchemistcodedb.com/card/ts-gl-roxa-dark-01,Memories Unbidden,Feb-08-2023
https://www.alchemistcodedb.com/card/ts-dung-03,Relaxation for the Sword Princess,Feb-08-2023
https://www.alchemistcodedb.com/card/ts-dung-02,Daily Life of Hestia Familia,Feb-08-2023
https://www.alchemistcodedb.com/card/ts-dung-01,An Adventurer's Point of View,Feb-08-2023
https://www.alchemistcodedb.com/card/ts-wrath-three-nobles-01,Three Fierce Leaders,Feb-08-2023
https://www.alchemistcodedb.com/card/ts-greed-langhao-01,"Fangs of the Thunderwolf, Fierce and Tender",Feb-08-2023
https://www.alchemistcodedb.com/card/ts-greed-orion-02,The Lion Cub Wakes,Feb-08-2023
https://www.alchemistcodedb.com/card/ts-wada-izayoi-02,Wishful Smiles with Tsurubami,Feb-08-2023
https://www.alchemistcodedb.com/card/ts-wada-kurt-01,Living Means Living it Up,Feb-08-2023
https://www.alchemistcodedb.com/card/ts-pok-logistilla-01,Path of the Shy Witch,Feb-08-2023
https://www.alchemistcodedb.com/card/ts-saga-tina-heros-01,"Winds of Celebration, Bathed in Light",Feb-08-2023
https://www.alchemistcodedb.com/card/ts-desert-carla-01,The Nourishing Crimson Sigil,Feb-08-2023
https://www.alchemistcodedb.com/card/ts-north-ignacio-01,"Something to Save, Something to Keep",Feb-08-2023
https://www.alchemistcodedb.com/card/ts-envyria-margaret-02,A Sacrifice for Sisterhood,Feb-08-2023
https://www.alchemistcodedb.com/card/ts-envyria-elizabeth-02,Top Secret Choco-Therapy,Feb-08-2023
https://www.alchemistcodedb.com/card/ts-gl-lachesis-01,The Waking Goddess of Life,Feb-08-2023
https://www.alchemistcodedb.com/card/ts-cry-01,A Hero's Wish is Forever,Feb-08-2023
https://www.alchemistcodedb.com/card/ts-saga-seida-02,Calm the Storm,Feb-08-2023
https://www.alchemistcodedb.com/card/ts-north-claris-01,Knowledge Reigns Over the Festival Light,Feb-08-2023
https://www.alchemistcodedb.com/card/ts-north-ines-01,Spirits Gather Round the Noble Light,Feb-08-2023
https://www.alchemistcodedb.com/card/ts-wada-yomi-02,Snowscape Siblings' Umbrella,Feb-08-2023
https://www.alchemistcodedb.com/card/ts-wrath-mare-02,The Ringing of the New Year,Feb-08-2023
https://www.alchemistcodedb.com/card/ts-wrath-ishuna-01,A Sparkling Special Time,Feb-08-2023
https://www.alchemistcodedb.com/card/ts-sloth-ikona-02,Winter Holiday Discovery,Feb-08-2023
https://www.alchemistcodedb.com/card/ts-greed-kubera-01,Tyranny Begets Order,Feb-08-2023
https://www.alchemistcodedb.com/card/ts-greed-benika-01,Dancing Flames of Memory,Feb-08-2023
https://www.alchemistcodedb.com/card/ts-north-rakina-02,Will to Overcome Fate,Feb-08-2023
https://www.alchemistcodedb.com/card/ts-ts-04,The Princess Against the Ten Commandments,Feb-08-2023
https://www.alchemistcodedb.com/card/ts-envyria-logi-heros-01,New Footsteps to Follow,Feb-08-2023
https://www.alchemistcodedb.com/card/ts-lost-thol-03,A Tale of the Sun and the Moon,Feb-08-2023
https://www.alchemistcodedb.com/card/ts-gluttony-nimuru-01,The Rare Birth of Light,Feb-08-2023
https://www.alchemistcodedb.com/card/ts-other-bianca-01,"White Light, Black Shadow",Feb-08-2023
https://www.alchemistcodedb.com/card/ts-desert-rameses-02,Tricky Halloween Surprise,Feb-08-2023
https://www.alchemistcodedb.com/card/ts-wrath-blanchett-01,A Wish Cut from Paper,Feb-08-2023
https://www.alchemistcodedb.com/card/ts-gluttony-juuria-02,Halloween Dedication,Feb-08-2023
https://www.alchemistcodedb.com/card/ts-wada-tanosuke-01,Quiet Torchlight at Noon,Feb-08-2023
https://www.alchemistcodedb.com/card/ts-envyria-celes-01,Hopes for the Pair's Daily Lives,Feb-08-2023
https://www.alchemistcodedb.com/card/ts-wada-ugachi-01,Silence of the Sword,Feb-08-2023
https://www.alchemistcodedb.com/card/ts-gl-halloween-01,The Calling,Feb-08-2023
https://www.alchemistcodedb.com/card/ts-gl-grimm1-01,A Mission Well-done,Feb-08-2023
https://www.alchemistcodedb.com/card/ts-pok-ragnarok-01,Pledge to Justice's Flag,Feb-08-2023
https://www.alchemistcodedb.com/card/ts-sloth-kaya-02,Footsteps of the Crimson Dragon,Feb-08-2023
https://www.alchemistcodedb.com/card/ts-gluttony-irene-01,Order and Darkness,Feb-08-2023
https://www.alchemistcodedb.com/card/ts-envyria-dartagnan-02,"Circle of Friends, Filled with Cheer",Feb-08-2023
https://www.alchemistcodedb.com/card/ts-saga-yura-01,Lacking Lone Shadow,Feb-08-2023
https://www.alchemistcodedb.com/card/ts-wada-natsume-01,The Laws of Black Star,Feb-08-2023
https://www.alchemistcodedb.com/card/ts-wada-ren-01,Until We Meet Again,Feb-08-2023
https://www.alchemistcodedb.com/card/ts-wrath-kudhanstein-02,Shura-Toppling Demonspear,Feb-08-2023
https://www.alchemistcodedb.com/card/ts-gl-liwang-01,Payment's Due,Feb-08-2023
https://www.alchemistcodedb.com/card/ts-sloth-chalice-01,Live to Ride,Feb-08-2023
https://www.alchemistcodedb.com/card/ts-lost-achad-04,Blood of the Artificial Maiden,Feb-08-2023
https://www.alchemistcodedb.com/card/ts-lost-zex-01,False Jest,Feb-08-2023
https://www.alchemistcodedb.com/card/ts-wada-kagura-02,Skystrider Phoenix,Feb-08-2023
https://www.alchemistcodedb.com/card/ts-gl-summer-02,Scorching by the Shore,Feb-08-2023
https://www.alchemistcodedb.com/card/ts-lust-st-mela-02,Instant Blastoff Splash!,Feb-08-2023
https://www.alchemistcodedb.com/card/ts-lust-qens-01,Memories of a Sealed Past,Feb-08-2023
https://www.alchemistcodedb.com/card/ts-wrath-suruba-01,"Entrusted Hope, Scarlet Sword's Path",Feb-08-2023
https://www.alchemistcodedb.com/card/ts-lost-zwei-02,The Templar's Blue Embrace,Feb-08-2023
https://www.alchemistcodedb.com/card/ts-envyria-zayin-03,Second Coming of Absolute Justice,Feb-08-2023
https://www.alchemistcodedb.com/card/ts-lust-noah-01,The Hottest Day for a Magic Girl,Feb-08-2023
https://www.alchemistcodedb.com/card/ts-wada-suzuka-02,Blademaster Cutting Watermelon,Feb-08-2023
https://www.alchemistcodedb.com/card/ts-sloth-albell-02,Smiles from a Water Cannon,Feb-08-2023
https://www.alchemistcodedb.com/card/ts-pok-ancient-01,"Guidance of Wisdom, Light of Hope",Feb-08-2023
https://www.alchemistcodedb.com/card/ts-envyria-monzotm-03,Final Chivalry,Feb-08-2023
https://www.alchemistcodedb.com/card/ts-gl-nesha-01,Questioning Time,Feb-08-2023
https://www.alchemistcodedb.com/card/ts-lust-leychel-01,Courier of Kindness,Feb-08-2023
https://www.alchemistcodedb.com/card/ts-lust-eve-01,Heart's Revealing Light,Feb-08-2023
https://www.alchemistcodedb.com/card/ts-wrath-andechs-01,Blazing Flame of Justice,Feb-08-2023
https://www.alchemistcodedb.com/card/ts-lust-othima-02,Signaling the End of the Icedust,Feb-08-2023
https://www.alchemistcodedb.com/card/ts-lust-wilhelm-01,Troublemakers and Justice,Feb-08-2023
https://www.alchemistcodedb.com/card/ts-wrath-magnus-03,Joker's Dramatic Arrest,Feb-08-2023
https://www.alchemistcodedb.com/card/ts-sloth-ryui-01,The Correct Use of Heavy Taxes,Feb-08-2023
https://www.alchemistcodedb.com/card/ts-envyria-cloe-02,Proud Light,Feb-08-2023
https://www.alchemistcodedb.com/card/ts-envyria-vettel-02,Future Light,Feb-08-2023
https://www.alchemistcodedb.com/card/ts-lost-zenn-02,Quick Draw Daylily,Feb-08-2023
https://www.alchemistcodedb.com/card/ts-greed-naju-01,Rain Falling on the Tools,Feb-08-2023
https://www.alchemistcodedb.com/card/ts-aprilfool-2020,At the Foot of the Legendary Tower,Feb-08-2023
https://www.alchemistcodedb.com/card/ts-envyria-nicaea-01,After the Princess' Respite,Feb-08-2023
https://www.alchemistcodedb.com/card/ts-lust-yaulas-02,More Beautiful Than Anyone Else,Feb-08-2023
https://www.alchemistcodedb.com/card/ts-tagatamemovie-dvd-01,Snuggle Up to Me,Feb-08-2023
https://www.alchemistcodedb.com/card/ts-envyria-bud-01,Sword of Unwavering Will,Feb-08-2023
https://www.alchemistcodedb.com/card/ts-sloth-yudit-01,First Mechanical Creation,Feb-08-2023
https://www.alchemistcodedb.com/card/ts-st-kasumi-01,Embrace of Weakness,Feb-08-2023
https://www.alchemistcodedb.com/card/ts-wrath-plumeria-01,A+ for Everyone,Feb-08-2023
https://www.alchemistcodedb.com/card/ts-desert-ankh-03,Heart in Hospitality,Feb-08-2023
https://www.alchemistcodedb.com/card/ts-wada-reimei-01,Sweet Bloody Blade,Feb-08-2023
https://www.alchemistcodedb.com/card/ts-envyria-daphne-01,The Maiden's Shield Shines Brightly,Feb-08-2023
https://www.alchemistcodedb.com/card/ts-pok-black-01,Dark Purge Blade,Feb-08-2023
https://www.alchemistcodedb.com/card/ts-greed-lucille-02,Sparkling Banquet,Feb-08-2023
https://www.alchemistcodedb.com/card/ts-greed-yuen-01,Crossroads on the Board,Feb-08-2023
https://www.alchemistcodedb.com/card/ts-greed-leafa-01,General's Premium Chocolate,Feb-08-2023
https://www.alchemistcodedb.com/card/ts-lost-vier-02,Surrounded by the Scent of Happiness,Feb-08-2023
https://www.alchemistcodedb.com/card/ts-lust-ainanna-01,On a Cold and Glowing Bed,Feb-08-2023
https://www.alchemistcodedb.com/card/ts-envyria-canon-02,The Light to Guide the World,Feb-08-2023
https://www.alchemistcodedb.com/card/ts-wrath-glanz-02,Permanent Filth,Feb-08-2023
https://www.alchemistcodedb.com/card/ts-wrath-rachel-01,The Fire Illuminating a Black and White Bear,Feb-08-2023
https://www.alchemistcodedb.com/card/ts-wrath-zahar-02,Arrival of White-Silver Ambition,Feb-08-2023
https://www.alchemistcodedb.com/card/ts-wrath-spica-02,To the Final Battle on Pearl Star,Feb-08-2023
https://www.alchemistcodedb.com/card/ts-sloth-niguru-01,A Game for Complete Darkness,Feb-08-2023
https://www.alchemistcodedb.com/card/ts-gluttony-juuria-dark-01,Devour the Pure,Feb-08-2023
https://www.alchemistcodedb.com/card/ts-sb-02,Second Princess' Wish,Feb-08-2023
https://www.alchemistcodedb.com/card/ts-lust-ema-02,A Little Luck in Spring,Feb-08-2023
https://www.alchemistcodedb.com/card/ts-sb-01,Light within the Shield Hero,Feb-08-2023
https://www.alchemistcodedb.com/card/ts-gl-winter-01,Respite After a Day's Hard Work,Feb-08-2023
https://www.alchemistcodedb.com/card/ts-gl-eliza-01,Private Teatime,Feb-08-2023
https://www.alchemistcodedb.com/card/ts-bf-02,Grand Gaia Summoners,Feb-08-2023
https://www.alchemistcodedb.com/card/ts-north-cadanova-02,Distraught Without Tears,Feb-08-2023
https://www.alchemistcodedb.com/card/ts-s-02,Blossoms Dyed Pink,Feb-08-2023
https://www.alchemistcodedb.com/card/ts-saga-eulalia-01,Chorus of the Great Forest,Feb-08-2023
https://www.alchemistcodedb.com/card/ts-gl-lilith-01,Melancholy Under The Moonlight,Feb-08-2023
https://www.alchemistcodedb.com/card/ts-pok-risanaut-01,Confirmed Event Hourglass,Feb-08-2023
https://www.alchemistcodedb.com/card/ts-other-nero-01,Dark Memory,Feb-08-2023
https://www.alchemistcodedb.com/card/ts-lost-thol-02,Chasing with Curiosity,Feb-08-2023
https://www.alchemistcodedb.com/card/ts-lost-einz-01,The First to Destroy the World,Feb-08-2023
https://www.alchemistcodedb.com/card/ts-gl-2020anniv-02,Challengers of Fate,Feb-08-2023
https://www.alchemistcodedb.com/card/ts-gl-2020anniv-01,Tribulations of Youth,Feb-08-2023
https://www.alchemistcodedb.com/card/ts-saga-tamisu-01,The Miraculous Color of Green,Feb-08-2023
https://www.alchemistcodedb.com/card/ts-saga-sandaisei-01,The Wind That Thawed the Snow,Feb-08-2023
https://www.alchemistcodedb.com/card/ts-gl-red6-01,A Slumbering Beast,Feb-08-2023
https://www.alchemistcodedb.com/card/ts-gl-zhengyi-01,New Dawn,Feb-08-2023
https://www.alchemistcodedb.com/card/ts-sloth-cheryl-01,Lurking at the Carnival,Feb-08-2023
https://www.alchemistcodedb.com/card/ts-wrath-rosa-02,The Angelic Imp I Saw That Day,Feb-08-2023
https://www.alchemistcodedb.com/card/ts-pok-cassius-01,Ring of the Eye,Feb-08-2023
https://www.alchemistcodedb.com/card/ts-greed-emmel-02,A Wish Blown by Light Wind,Feb-08-2023
https://www.alchemistcodedb.com/card/ts-gl-emry-01,Farewells,Feb-08-2023
https://www.alchemistcodedb.com/card/ts-gl-asuka-01,Ascended Guardian,Feb-08-2023
https://www.alchemistcodedb.com/card/ts-gl-summer-01,Summer Beach Delights,Feb-08-2023
https://www.alchemistcodedb.com/card/ts-gl-siblings-01,Halcyon Days,Feb-08-2023
https://www.alchemistcodedb.com/card/ts-saga-nina-02,Handmade Winter Holiday,Feb-08-2023
https://www.alchemistcodedb.com/card/ts-lust-lavina-02,The Party Is After the Snow Thaws,Feb-08-2023
https://www.alchemistcodedb.com/card/ts-gluttony-lotia-01,Sweet Treasures,Feb-08-2023
https://www.alchemistcodedb.com/card/ts-sloth-minario-01,Prepare to Intersect,Feb-08-2023
https://www.alchemistcodedb.com/card/ts-sloth-ikona-01,Different Colored Teardrops,Feb-08-2023
https://www.alchemistcodedb.com/card/ts-north-guildford-01,Heretic Order,Feb-08-2023
https://www.alchemistcodedb.com/card/ts-pok-failnaught-01,A Smile Suspended in Shadow,Feb-08-2023
https://www.alchemistcodedb.com/card/ts-envyria-natalie-01,Fleeting Memories Reflected in Scarlet Sunlight,Feb-08-2023
https://www.alchemistcodedb.com/card/ts-envyria-gerald-01,Inherited Iron Will,Feb-08-2023
https://www.alchemistcodedb.com/card/ts-sloth-adorei-01,Extended Fingertips,Feb-08-2023
https://www.alchemistcodedb.com/card/ts-pok-tifaret-01,Her Enlightening Luminance,Feb-08-2023
https://www.alchemistcodedb.com/card/ts-lust-st-nikusu-dark-01,Twisted Time Sunk in Frigid Wastes,Feb-08-2023
https://www.alchemistcodedb.com/card/ts-lust-st-mela-dark-01,Sin Instantiated,Feb-08-2023
https://www.alchemistcodedb.com/card/ts-ts-03,Eternal Heroes of Liones,Feb-08-2023
https://www.alchemistcodedb.com/card/ts-butai-02,Where Our Heart Leads Us,Feb-08-2023
https://www.alchemistcodedb.com/card/ts-wada-tamamo-02,A Taste of Bliss at the Promised Time,Feb-08-2023
https://www.alchemistcodedb.com/card/ts-sloth-everica-01,On the Right Track,Feb-08-2023
https://www.alchemistcodedb.com/card/ts-sloth-hazel-01,Silver Moon of Dreams,Feb-08-2023
https://www.alchemistcodedb.com/card/ts-lost-drei-01,"Prune, Harvest, Bloom",Feb-08-2023
https://www.alchemistcodedb.com/card/ts-lost-zyva-01,Monochrome Blossoms,Feb-08-2023
https://www.alchemistcodedb.com/card/ts-greed-shenmei-01,X Marks the Spot,Feb-08-2023
https://www.alchemistcodedb.com/card/ts-envyria-belta-02,"Summer Memories Up, Up, and Away!",Feb-08-2023
https://www.alchemistcodedb.com/card/ts-saga-gormalas-01,Advent of the Black Keels,Feb-08-2023
https://www.alchemistcodedb.com/card/ts-greed-rishen-01,Galley Grub Debacle,Feb-08-2023
https://www.alchemistcodedb.com/card/ts-envyria-syaron-01,Cascading Sounds of Summer,Feb-08-2023
https://www.alchemistcodedb.com/card/ts-sloth-kaya-01,Seaside Library,Feb-08-2023
https://www.alchemistcodedb.com/card/ts-cp-01,Future Sure to Come,Feb-08-2023
https://www.alchemistcodedb.com/card/ts-desert-neferty-01,Windblown Sands of Time,Feb-08-2023
https://www.alchemistcodedb.com/card/ts-desert-ank-02,Wings Unbroken,Feb-08-2023
https://www.alchemistcodedb.com/card/ts-tsp-01,Impact of the Otherworldly Picnic,Feb-08-2023
https://www.alchemistcodedb.com/card/ts-tsp-02,Open Up Towards Allies,Feb-08-2023
https://www.alchemistcodedb.com/card/ts-desert-basini-02,If Spring Comes,Feb-08-2023
https://www.alchemistcodedb.com/card/ts-lost-fury-01,The Ideal Destination,Feb-08-2023
https://www.alchemistcodedb.com/card/ts-wada-ikasa-01,The Future Is in Both Hands,Feb-08-2023
https://www.alchemistcodedb.com/card/ts-lust-ambrosia-01,Sin Heaped Upon the World,Feb-08-2023
https://www.alchemistcodedb.com/card/ts-desert-mashuli-01,Hearts Near and Far,Feb-08-2023
https://www.alchemistcodedb.com/card/ts-vision-02,Destiny of a Robot,Feb-08-2023
https://www.alchemistcodedb.com/card/ts-gl-morr-01,Awaken to Power,Feb-08-2023
https://www.alchemistcodedb.com/card/ts-gl-magni-mine-01,An Eggstraordinary Discovery,Feb-08-2023
https://www.alchemistcodedb.com/card/ts-gl-blai-01,Unexpected Popularity,Feb-08-2023
https://www.alchemistcodedb.com/card/ts-ts-02,Holy War of the Seven Deadly Sins,Feb-08-2023
https://www.alchemistcodedb.com/card/ts-ts-01,Legendary Order of Knights,Feb-08-2023
https://www.alchemistcodedb.com/card/ts-gl-eira-01,A Snowy Yearning,Feb-08-2023
https://www.alchemistcodedb.com/card/ts-liesbet-edgar-01,Drink Away the Tears,Feb-08-2023
https://www.alchemistcodedb.com/card/ts-butai-01,Brotherly Pact,Feb-08-2023
https://www.alchemistcodedb.com/card/ts-wada-setsuna-03,Smile in the Dust Cloud,Feb-08-2023
https://www.alchemistcodedb.com/card/ts-wrath-anastasia-01,Roses Bloom Red,Feb-08-2023
https://www.alchemistcodedb.com/card/ts-lust-nikusu-01,Hope Etched in Snow,Feb-08-2023
https://www.alchemistcodedb.com/card/ts-st-01,"Unmake the World, Restore Its True Form",Feb-08-2023
https://www.alchemistcodedb.com/card/ts-0614-movie-07,Dark Phantoms Act 7,Feb-08-2023
https://www.alchemistcodedb.com/card/ts-0614-movie-06,Dark Phantoms Act 6,Feb-08-2023
https://www.alchemistcodedb.com/card/ts-0614-movie-05,Dark Phantoms Act 5,Feb-08-2023
https://www.alchemistcodedb.com/card/ts-0614-movie-04,Dark Phantoms Act 4,Feb-08-2023
https://www.alchemistcodedb.com/card/ts-0614-movie-02,Dark Phantoms Act 2,Feb-08-2023
https://www.alchemistcodedb.com/card/ts-0614-movie-01,Dark Phantoms Act 1,Feb-08-2023
https://www.alchemistcodedb.com/card/ts-lust-st-mela-01,To Bridge the Times,Feb-08-2023
https://www.alchemistcodedb.com/card/ts-pok-arumasu-01,Unbreakable Sword of Indomitability,Feb-08-2023
https://www.alchemistcodedb.com/card/ts-s-01,Squeaky Clean Kunoichi,Feb-08-2023
https://www.alchemistcodedb.com/card/ts-wada-kuza-01,Blade of Oaths,Feb-08-2023
https://www.alchemistcodedb.com/card/ts-envyria-leonia-01,O My Fair Lion Lady,Feb-08-2023
https://www.alchemistcodedb.com/card/ts-lost-zenn-01,Torchlight Through a Looking Glass,Feb-08-2023
https://www.alchemistcodedb.com/card/ts-gluttony-raura-01,More Striking than a Lightning Flash,Feb-08-2023
https://www.alchemistcodedb.com/card/ts-saga-seida-01,On Passion We Soar,Feb-08-2023
https://www.alchemistcodedb.com/card/ts-gluttony-neica-01,Chaotic Easter,Feb-08-2023
https://www.alchemistcodedb.com/card/ts-aprilfool-01,A Dream of Tender Warmth,Feb-08-2023
https://www.alchemistcodedb.com/card/ts-lost-noin-01,A Night of Drinking Lifeblood,Feb-08-2023
https://www.alchemistcodedb.com/card/ts-lost-zwei-01,Nine Lives,Feb-08-2023
https://www.alchemistcodedb.com/card/ts-envyria-gino-01,Rebellious Age,Feb-08-2023
https://www.alchemistcodedb.com/card/ts-wrath-kevin-01,Bouquet of Gratitude,Feb-08-2023
https://www.alchemistcodedb.com/card/ts-lust-more-01,Attack of the Mad Cupid,Feb-08-2023
https://www.alchemistcodedb.com/card/ts-gluttony-juuria-01,A Prayer and a Wish,Feb-08-2023
https://www.alchemistcodedb.com/card/ts-saga-moca-01,Wrapped in a Warm Breeze,Feb-08-2023
https://www.alchemistcodedb.com/card/ts-lost-achad-03,You Are Not Alone,Feb-08-2023
https://www.alchemistcodedb.com/card/ts-wada-itsuki-01,Not Quite Sweet,Feb-08-2023
https://www.alchemistcodedb.com/card/ts-wada-suzuka-01,First Kitchen Battle,Feb-08-2023
https://www.alchemistcodedb.com/card/ts-greed-ku-iena-01,"Polish, Create, Results",Feb-08-2023
https://www.alchemistcodedb.com/card/ts-greed-emmel-01,A Love So Tender,Feb-08-2023
https://www.alchemistcodedb.com/card/ts-2019-anniversary-51,Third Year Anniversary,Feb-08-2023
https://www.alchemistcodedb.com/card/ts-2019-anniversary-50,Third Year Anniversary,Feb-08-2023
https://www.alchemistcodedb.com/card/ts-2019-anniversary-49,Third Year Anniversary,Feb-08-2023
https://www.alchemistcodedb.com/card/ts-2019-anniversary-48,Third Year Anniversary,Feb-08-2023
https://www.alchemistcodedb.com/card/ts-2019-anniversary-47,Third Year Anniversary,Feb-08-2023
https://www.alchemistcodedb.com/card/ts-2019-anniversary-46,Third Year Anniversary,Feb-08-2023
https://www.alchemistcodedb.com/card/ts-2019-anniversary-45,Third Year Anniversary,Feb-08-2023
https://www.alchemistcodedb.com/card/ts-2019-anniversary-44,Third Year Anniversary,Feb-08-2023
https://www.alchemistcodedb.com/card/ts-2019-anniversary-43,Third Year Anniversary,Feb-08-2023
https://www.alchemistcodedb.com/card/ts-2019-anniversary-42,Third Year Anniversary,Feb-08-2023
https://www.alchemistcodedb.com/card/ts-2019-anniversary-41,Third Year Anniversary,Feb-08-2023
https://www.alchemistcodedb.com/card/ts-2019-anniversary-40,Third Year Anniversary,Feb-08-2023
https://www.alchemistcodedb.com/card/ts-2019-anniversary-39,Third Year Anniversary,Feb-08-2023
https://www.alchemistcodedb.com/card/ts-2019-anniversary-38,Third Year Anniversary,Feb-08-2023
https://www.alchemistcodedb.com/card/ts-2019-anniversary-37,Third Year Anniversary,Feb-08-2023
https://www.alchemistcodedb.com/card/ts-2019-anniversary-36,Third Year Anniversary,Feb-08-2023
https://www.alchemistcodedb.com/card/ts-2019-anniversary-35,Third Year Anniversary,Feb-08-2023
https://www.alchemistcodedb.com/card/ts-2019-anniversary-34,Third Year Anniversary,Feb-08-2023
https://www.alchemistcodedb.com/card/ts-2019-anniversary-33,Third Year Anniversary,Feb-08-2023
https://www.alchemistcodedb.com/card/ts-2019-anniversary-32,Third Year Anniversary,Feb-08-2023
https://www.alchemistcodedb.com/card/ts-2019-anniversary-31,Third Year Anniversary,Feb-08-2023
https://www.alchemistcodedb.com/card/ts-2019-anniversary-30,Third Year Anniversary,Feb-08-2023
https://www.alchemistcodedb.com/card/ts-2019-anniversary-29,Third Year Anniversary,Feb-08-2023
https://www.alchemistcodedb.com/card/ts-2019-anniversary-28,Third Year Anniversary,Feb-08-2023
https://www.alchemistcodedb.com/card/ts-2019-anniversary-27,Third Year Anniversary,Feb-08-2023
https://www.alchemistcodedb.com/card/ts-2019-anniversary-26,Third Year Anniversary,Feb-08-2023
https://www.alchemistcodedb.com/card/ts-2019-anniversary-25,Third Year Anniversary,Feb-08-2023
https://www.alchemistcodedb.com/card/ts-2019-anniversary-24,Third Year Anniversary,Feb-08-2023
https://www.alchemistcodedb.com/card/ts-2019-anniversary-23,Third Year Anniversary,Feb-08-2023
https://www.alchemistcodedb.com/card/ts-2019-anniversary-22,Third Year Anniversary,Feb-08-2023
https://www.alchemistcodedb.com/card/ts-2019-anniversary-21,Third Year Anniversary,Feb-08-2023
https://www.alchemistcodedb.com/card/ts-2019-anniversary-20,Third Year Anniversary,Feb-08-2023
https://www.alchemistcodedb.com/card/ts-2019-anniversary-19,Third Year Anniversary,Feb-08-2023
https://www.alchemistcodedb.com/card/ts-2019-anniversary-18,Third Year Anniversary,Feb-08-2023
https://www.alchemistcodedb.com/card/ts-2019-anniversary-17,Third Year Anniversary,Feb-08-2023
https://www.alchemistcodedb.com/card/ts-2019-anniversary-16,Third Year Anniversary,Feb-08-2023
https://www.alchemistcodedb.com/card/ts-2019-anniversary-15,Third Year Anniversary,Feb-08-2023
https://www.alchemistcodedb.com/card/ts-2019-anniversary-14,Third Year Anniversary,Feb-08-2023
https://www.alchemistcodedb.com/card/ts-2019-anniversary-13,Third Year Anniversary,Feb-08-2023
https://www.alchemistcodedb.com/card/ts-0614-movie-03,Dark Phantoms Act 3,Feb-08-2023
https://www.alchemistcodedb.com/card/ts-2019-anniversary-12,Third Year Anniversary,Feb-08-2023
https://www.alchemistcodedb.com/card/ts-2019-anniversary-11,Third Year Anniversary,Feb-08-2023
https://www.alchemistcodedb.com/card/ts-2019-anniversary-10,Third Year Anniversary,Feb-08-2023
https://www.alchemistcodedb.com/card/ts-2019-anniversary-09,Third Year Anniversary,Feb-08-2023
https://www.alchemistcodedb.com/card/ts-2019-anniversary-08,Third Year Anniversary,Feb-08-2023
https://www.alchemistcodedb.com/card/ts-2019-anniversary-07,Third Year Anniversary,Feb-08-2023
https://www.alchemistcodedb.com/card/ts-2019-anniversary-06,Third Year Anniversary,Feb-08-2023
https://www.alchemistcodedb.com/card/ts-2019-anniversary-05,Third Year Anniversary,Feb-08-2023
https://www.alchemistcodedb.com/card/ts-2019-anniversary-04,Third Year Anniversary,Feb-08-2023
https://www.alchemistcodedb.com/card/ts-2019-anniversary-03,Third Year Anniversary,Feb-08-2023
https://www.alchemistcodedb.com/card/ts-2019-anniversary-02,Third Year Anniversary,Feb-08-2023
https://www.alchemistcodedb.com/card/ts-2019-anniversary-01,Third Year Anniversary,Feb-08-2023
https://www.alchemistcodedb.com/card/ts-wada-kagura-01,"Thawing Snow, Hopeful Home",Feb-08-2023
https://www.alchemistcodedb.com/card/ts-gl-magni-sieg-01,Arduous Adventures,Feb-08-2023
https://www.alchemistcodedb.com/card/ts-bf-01,Frontier Legends,Feb-08-2023
https://www.alchemistcodedb.com/card/ts-gluttony-teona-01,Glittering Shard of Triumph,Feb-08-2023
https://www.alchemistcodedb.com/card/ts-other-waginao-01,Power of a Pure Heart,Feb-08-2023
https://www.alchemistcodedb.com/card/ts-wada-setsuna-02,Warm Nostalgia,Feb-08-2023
https://www.alchemistcodedb.com/card/ts-envyria-zayin-02,Smiling Hope for the World,Feb-08-2023
https://www.alchemistcodedb.com/card/ts-lost-thol-01,Recording the Commandments of Truth,Feb-08-2023
https://www.alchemistcodedb.com/card/ts-tagatamecup-01,Deciding Moment,Feb-08-2023
https://www.alchemistcodedb.com/card/ts-lust-othima-01,A Party that Never Ends,Feb-08-2023
https://www.alchemistcodedb.com/card/ts-north-toritoh-01,From Unkind Past to Hopeful Future,Feb-08-2023
https://www.alchemistcodedb.com/card/ts-north-rakina-01,Prayer to Pride,Feb-08-2023
https://www.alchemistcodedb.com/card/ts-greed-orion-01,The Conqueror,Feb-08-2023
https://www.alchemistcodedb.com/card/ts-caramel-01,Caramel Jaeger,Feb-08-2023
https://www.alchemistcodedb.com/card/ts-saga-birgitta-01,First Winter Holiday,Feb-08-2023
https://www.alchemistcodedb.com/card/ts-lust-lavina-01,Sweet...and Warm,Feb-08-2023
https://www.alchemistcodedb.com/card/ts-wrath-klima-01,Playing in the Snow,Feb-08-2023
https://www.alchemistcodedb.com/card/ts-lust-rofia-01,What Must Be Done,Feb-08-2023
https://www.alchemistcodedb.com/card/ts-sloth-kuraju-01,Inspiring Marksman,Feb-08-2023
https://www.alchemistcodedb.com/card/ts-wrath-magnus-02,Pair of Jokers,Feb-08-2023
https://www.alchemistcodedb.com/card/ts-lust-ema-01,Magic Girls' Brunch,Feb-08-2023
https://www.alchemistcodedb.com/card/ts-pok-masamune-01,Master's Blade,Feb-08-2023
https://www.alchemistcodedb.com/card/ts-sloth-albell-01,Clutching the Fading Silhouette,Feb-08-2023
https://www.alchemistcodedb.com/card/ts-lust-sophia-01,True Face of the High Elf,Feb-08-2023
https://www.alchemistcodedb.com/card/ts-pok-01,Respite for Those Who Would Bring Disorder,Feb-08-2023
https://www.alchemistcodedb.com/card/ts-greed-meifan-01,Halloween Panic,Feb-08-2023
https://www.alchemistcodedb.com/card/ts-greed-lucille-01,Until the Last of the Embers Burns,Feb-08-2023
https://www.alchemistcodedb.com/card/ts-saga-merda-01,Decompressing at Day's End,Feb-08-2023
https://www.alchemistcodedb.com/card/ts-saga-nina-01,Animal Study Group,Feb-08-2023
https://www.alchemistcodedb.com/card/ts-wada-tamamo-01,A Glorious Blooming of Beauty,Feb-08-2023
https://www.alchemistcodedb.com/card/ts-undokai-2018-01,The Most Dazzling Smile,Feb-08-2023
https://www.alchemistcodedb.com/card/ts-sloth-daisy-01,"Enter, a Shining New Star!",Feb-08-2023
https://www.alchemistcodedb.com/card/ts-offevent-05,Bushido Lessons,Feb-08-2023
https://www.alchemistcodedb.com/card/ts-envyria-belta-01,Special Technique - Fruits of Maintenance,Feb-08-2023
https://www.alchemistcodedb.com/card/ts-aot-02,I Won't Surrender to the Flames of Vengeance,Feb-08-2023
https://www.alchemistcodedb.com/card/ts-wrath-lamia-02,Thousand-Nights Poppy,Feb-08-2023
https://www.alchemistcodedb.com/card/ts-desert-basini-01,The New Continental Justice,Feb-08-2023
https://www.alchemistcodedb.com/card/ts-aot-01,Victorious Crimson Arrow,Feb-08-2023
https://www.alchemistcodedb.com/card/ts-lust-rebecca-02,Summer Beach Practice,Feb-08-2023
https://www.alchemistcodedb.com/card/ts-lust-alma-02,Summer Beach Lessons,Feb-08-2023
https://www.alchemistcodedb.com/card/ts-wrath-dorothea-01,Crag of Destiny,Feb-08-2023
https://www.alchemistcodedb.com/card/ts-sloth-aisha-01,Enchanting Performance,Feb-08-2023
https://www.alchemistcodedb.com/card/ts-wada-leydow-01,Ancient Garb,Feb-08-2023
https://www.alchemistcodedb.com/card/ts-offevent-03,Stand-Up Debut,Feb-08-2023
https://www.alchemistcodedb.com/card/ts-offevent-02,Noodles for Her,Feb-08-2023
https://www.alchemistcodedb.com/card/ts-offevent-01,Festival Lessons,Feb-08-2023
https://www.alchemistcodedb.com/card/ts-swim-2018-gormalas,Reminiscence of Gormalas (Swimsuit ver.),Feb-08-2023
https://www.alchemistcodedb.com/card/ts-swim-2018-dilga,Reminiscence of Dilga (Swimsuit ver.),Feb-08-2023
https://www.alchemistcodedb.com/card/ts-swim-2018-teresa,Reminiscence of Theresa (Swimsuit ver.),Feb-08-2023
https://www.alchemistcodedb.com/card/ts-swim-2018-achad,Reminiscence of Acht (Swimsuit ver.),Feb-08-2023
https://www.alchemistcodedb.com/card/ts-swim-2018-almila,Reminiscence of Almira (Swimsuit ver.),Feb-08-2023
https://www.alchemistcodedb.com/card/ts-swim-2018-rinn,Reminiscence of Rin (Swimsuit ver.),Feb-08-2023
https://www.alchemistcodedb.com/card/ts-swim-2018-vetel,Reminiscence of Vettel (Swimsuit ver.),Feb-08-2023
https://www.alchemistcodedb.com/card/ts-swim-2018-granz,Reminiscence of Glanz (Swimsuit ver.),Feb-08-2023
https://www.alchemistcodedb.com/card/ts-swim-2018-yomi,Reminiscence of Yomi (Swimsuit ver.),Feb-08-2023
https://www.alchemistcodedb.com/card/ts-swim-2018-yaulas,Reminiscence of Yauras (Swimsuit ver.),Feb-08-2023
https://www.alchemistcodedb.com/card/ts-swim-2018-teona,Reminiscence of Teona (Swimsuit ver.),Feb-08-2023
https://www.alchemistcodedb.com/card/ts-swim-2018-chalice,Reminiscence of Caris (Swimsuit ver.),Feb-08-2023
https://www.alchemistcodedb.com/card/ts-swim-2018-mielikki,Reminiscence of Mielikki (Swimsuit ver.),Feb-08-2023
https://www.alchemistcodedb.com/card/ts-sekaiju-01,Crossroads of Destiny,Feb-08-2023
https://www.alchemistcodedb.com/card/ts-lost-vier-01,Hungry Ensemble,Feb-08-2023
https://www.alchemistcodedb.com/card/ts-north-cadanova-01,Bygone Days of Kinship,Feb-08-2023
https://www.alchemistcodedb.com/card/ts-envyria-zayin-01,Defenders of Justice,Feb-08-2023
https://www.alchemistcodedb.com/card/ts-wada-kurt,Senko Collision,Feb-08-2023
https://www.alchemistcodedb.com/card/ts-wrath-teresa-01,Potential as Great as the Sea,Feb-08-2023
https://www.alchemistcodedb.com/card/ts-lust-rebecca-01,"Rebecca May be Perfect, but...",Feb-08-2023
https://www.alchemistcodedb.com/card/ts-lust-alma-01,"Alma's Laughing, but...",Feb-08-2023
https://www.alchemistcodedb.com/card/ts-wada-fujica-01,"My Friend, the Prodigy",Feb-08-2023
https://www.alchemistcodedb.com/card/ts-wada-yomi-01,Spider Lily Vows,Feb-08-2023
https://www.alchemistcodedb.com/card/ts-lost-achad-02,The Enveloping Blue,Feb-08-2023
https://www.alchemistcodedb.com/card/ts-cry-arth-01,Hero's Yearning,Feb-08-2023
https://www.alchemistcodedb.com/card/ts-envyria-lucretia-02,That Thing Called Happiness,Feb-08-2023
https://www.alchemistcodedb.com/card/ts-desert-uzuma-01,Pretty as a Picture,Feb-08-2023
https://www.alchemistcodedb.com/card/ts-wada-zin-01,Shooting Star Wishes,Feb-08-2023
https://www.alchemistcodedb.com/card/ts-wada-izayoi-01,Nocturnal Fox in Flight,Feb-08-2023
https://www.alchemistcodedb.com/card/ts-wada-setsuna-01,I Return to Ash,Feb-08-2023
https://www.alchemistcodedb.com/card/ts-rev-20180526-vision-186,Reminiscence of Sol,Feb-08-2023
https://www.alchemistcodedb.com/card/ts-rev-20180526-vision-185,Reminiscence of Zehn,Feb-08-2023
https://www.alchemistcodedb.com/card/ts-rev-20180526-vision-184,Reminiscence of Füry,Feb-08-2023
https://www.alchemistcodedb.com/card/ts-rev-20180526-vision-183,Reminiscence of Neun,Feb-08-2023
https://www.alchemistcodedb.com/card/ts-rev-20180526-vision-182,Reminiscence of Sieba,Feb-08-2023
https://www.alchemistcodedb.com/card/ts-rev-20180526-vision-181,Reminiscence of Vier,Feb-08-2023
https://www.alchemistcodedb.com/card/ts-rev-20180526-vision-180,Reminiscence of Acht,Feb-08-2023
https://www.alchemistcodedb.com/card/ts-rev-20180526-vision-179,Reminiscence of Othima,Feb-08-2023
https://www.alchemistcodedb.com/card/ts-rev-20180526-vision-178,Reminiscence of Miuna,Feb-08-2023
https://www.alchemistcodedb.com/card/ts-rev-20180526-vision-177,Reminiscence of Basheeny,Feb-08-2023
https://www.alchemistcodedb.com/card/ts-rev-20180526-vision-176,Reminiscence of Yauras,Feb-08-2023
https://www.alchemistcodedb.com/card/ts-rev-20180526-vision-175,Reminiscence of Zain,Feb-08-2023
https://www.alchemistcodedb.com/card/ts-rev-20180526-vision-174,Reminiscence of Monzein,Feb-08-2023
https://www.alchemistcodedb.com/card/ts-rev-20180526-vision-173,Reminiscence of Seida,Feb-08-2023
https://www.alchemistcodedb.com/card/ts-rev-20180526-vision-172,Reminiscence of Kudanstein,Feb-08-2023
https://www.alchemistcodedb.com/card/ts-rev-20180526-vision-171,Reminiscence of Kagura,Feb-08-2023
https://www.alchemistcodedb.com/card/ts-rev-20180526-vision-170,Reminiscence of Kanon,Feb-08-2023
https://www.alchemistcodedb.com/card/ts-rev-20180526-vision-169,Reminiscence of Cadanova,Feb-08-2023
https://www.alchemistcodedb.com/card/ts-rev-20180526-vision-168,Reminiscence of Creto,Feb-08-2023
https://www.alchemistcodedb.com/card/ts-rev-20180526-vision-167,Reminiscence of Itsuki,Feb-08-2023
https://www.alchemistcodedb.com/card/ts-rev-20180526-vision-166,Reminiscence of Izayoi,Feb-08-2023
https://www.alchemistcodedb.com/card/ts-rev-20180526-vision-165,Reminiscence of Reido,Feb-08-2023
https://www.alchemistcodedb.com/card/ts-rev-20180526-vision-164,Reminiscence of Fujika,Feb-08-2023
https://www.alchemistcodedb.com/card/ts-rev-20180526-vision-163,Reminiscence of Jin,Feb-08-2023
https://www.alchemistcodedb.com/card/ts-rev-20180526-vision-162,Reminiscence of Suiran,Feb-08-2023
https://www.alchemistcodedb.com/card/ts-rev-20180526-vision-161,Reminiscence of Yunagi,Feb-08-2023
https://www.alchemistcodedb.com/card/ts-rev-20180526-vision-160,Reminiscence of Mikoto,Feb-08-2023
https://www.alchemistcodedb.com/card/ts-rev-20180526-vision-159,Reminiscence of Setsuna,Feb-08-2023
https://www.alchemistcodedb.com/card/ts-rev-20180526-vision-158,Reminiscence of Eizan,Feb-08-2023
https://www.alchemistcodedb.com/card/ts-rev-20180526-vision-157,Reminiscence of Reida,Feb-08-2023
https://www.alchemistcodedb.com/card/ts-rev-20180526-vision-156,Reminiscence of Tamamo,Feb-08-2023
https://www.alchemistcodedb.com/card/ts-rev-20180526-vision-155,Reminiscence of Reimei,Feb-08-2023
https://www.alchemistcodedb.com/card/ts-rev-20180526-vision-154,Reminiscence of Suzuka,Feb-08-2023
https://www.alchemistcodedb.com/card/ts-rev-20180526-vision-153,Reminiscence of Hayate,Feb-08-2023
https://www.alchemistcodedb.com/card/ts-rev-20180526-vision-152,Reminiscence of Hazuki,Feb-08-2023
https://www.alchemistcodedb.com/card/ts-rev-20180526-vision-151,Reminiscence of Yomi,Feb-08-2023
https://www.alchemistcodedb.com/card/ts-rev-20180526-vision-150,Reminiscence of Kuon,Feb-08-2023
https://www.alchemistcodedb.com/card/ts-rev-20180526-vision-149,Reminiscence of Rin,Feb-08-2023
https://www.alchemistcodedb.com/card/ts-rev-20180526-vision-148,Reminiscence of Mizuchi,Feb-08-2023
https://www.alchemistcodedb.com/card/ts-rev-20180526-vision-147,Reminiscence of Chihaya,Feb-08-2023
https://www.alchemistcodedb.com/card/ts-rev-20180526-vision-146,Reminiscence of Zangetsu,Feb-08-2023
https://www.alchemistcodedb.com/card/ts-rev-20180526-vision-145,Reminiscence of Kazahaya,Feb-08-2023
https://www.alchemistcodedb.com/card/ts-rev-20180526-vision-144,Reminiscence of Cordelia,Feb-08-2023
https://www.alchemistcodedb.com/card/ts-rev-20180526-vision-143,Reminiscence of Emma,Feb-08-2023
https://www.alchemistcodedb.com/card/ts-rev-20180526-vision-142,Reminiscence of Celliers,Feb-08-2023
https://www.alchemistcodedb.com/card/ts-rev-20180526-vision-141,Reminiscence of Edwin,Feb-08-2023
https://www.alchemistcodedb.com/card/ts-rev-20180526-vision-140,Reminiscence of Noah,Feb-08-2023
https://www.alchemistcodedb.com/card/ts-rev-20180526-vision-139,Reminiscence of Ravina,Feb-08-2023
https://www.alchemistcodedb.com/card/ts-rev-20180526-vision-138,Reminiscence of Sophia,Feb-08-2023
https://www.alchemistcodedb.com/card/ts-rev-20180526-vision-137,Reminiscence of Lupinus,Feb-08-2023
https://www.alchemistcodedb.com/card/ts-rev-20180526-vision-136,Reminiscence of Deneb,Feb-08-2023
https://www.alchemistcodedb.com/card/ts-rev-20180526-vision-135,Reminiscence of Soleil,Feb-08-2023
https://www.alchemistcodedb.com/card/ts-rev-20180526-vision-134,Reminiscence of Fung Liu,Feb-08-2023
https://www.alchemistcodedb.com/card/ts-rev-20180526-vision-133,Reminiscence of Eve,Feb-08-2023
https://www.alchemistcodedb.com/card/ts-rev-20180526-vision-132,Reminiscence of Mielikki,Feb-08-2023
https://www.alchemistcodedb.com/card/ts-rev-20180526-vision-131,Reminiscence of Flamel,Feb-08-2023
https://www.alchemistcodedb.com/card/ts-rev-20180526-vision-130,Reminiscence of Lofia,Feb-08-2023
https://www.alchemistcodedb.com/card/ts-rev-20180526-vision-129,Reminiscence of Leon,Feb-08-2023
https://www.alchemistcodedb.com/card/ts-rev-20180526-vision-128,Reminiscence of Meily,Feb-08-2023
https://www.alchemistcodedb.com/card/ts-rev-20180526-vision-127,Reminiscence of Michael,Feb-08-2023
https://www.alchemistcodedb.com/card/ts-rev-20180526-vision-126,Reminiscence of Polin,Feb-08-2023
https://www.alchemistcodedb.com/card/ts-rev-20180526-vision-125,Reminiscence of Celine,Feb-08-2023
https://www.alchemistcodedb.com/card/ts-rev-20180526-vision-124,Reminiscence of Ennis,Feb-08-2023
https://www.alchemistcodedb.com/card/ts-rev-20180526-vision-123,Reminiscence of Alyu,Feb-08-2023
https://www.alchemistcodedb.com/card/ts-rev-20180526-vision-122,Reminiscence of Ila,Feb-08-2023
https://www.alchemistcodedb.com/card/ts-rev-20180526-vision-121,Reminiscence of Letitia,Feb-08-2023
https://www.alchemistcodedb.com/card/ts-rev-20180526-vision-120,Reminiscence of Silma,Feb-08-2023
https://www.alchemistcodedb.com/card/ts-rev-20180526-vision-119,Reminiscence of Theresa,Feb-08-2023
https://www.alchemistcodedb.com/card/ts-rev-20180526-vision-118,Reminiscence of Kevin,Feb-08-2023
https://www.alchemistcodedb.com/card/ts-rev-20180526-vision-117,Reminiscence of Hugo,Feb-08-2023
https://www.alchemistcodedb.com/card/ts-rev-20180526-vision-116,Reminiscence of Klima,Feb-08-2023
https://www.alchemistcodedb.com/card/ts-rev-20180526-vision-115,Reminiscence of Blanchett,Feb-08-2023
https://www.alchemistcodedb.com/card/ts-rev-20180526-vision-114,Reminiscence of Mirianne,Feb-08-2023
https://www.alchemistcodedb.com/card/ts-rev-20180526-vision-113,Reminiscence of Vivi,Feb-08-2023
https://www.alchemistcodedb.com/card/ts-rev-20180526-vision-112,Reminiscence of Dorothea,Feb-08-2023
https://www.alchemistcodedb.com/card/ts-rev-20180526-vision-111,Reminiscence of Glanz,Feb-08-2023
https://www.alchemistcodedb.com/card/ts-rev-20180526-vision-110,Reminiscence of Spica,Feb-08-2023
https://www.alchemistcodedb.com/card/ts-rev-20180526-vision-109,Reminiscence of Rosa,Feb-08-2023
https://www.alchemistcodedb.com/card/ts-rev-20180526-vision-108,Reminiscence of Magnus,Feb-08-2023
https://www.alchemistcodedb.com/card/ts-rev-20180526-vision-107,Reminiscence of Anastasia,Feb-08-2023
https://www.alchemistcodedb.com/card/ts-rev-20180526-vision-106,Reminiscence of Annerose,Feb-08-2023
https://www.alchemistcodedb.com/card/ts-rev-20180526-vision-105,Reminiscence of Lucido,Feb-08-2023
https://www.alchemistcodedb.com/card/ts-rev-20180526-vision-104,Reminiscence of Lamia,Feb-08-2023
https://www.alchemistcodedb.com/card/ts-rev-20180526-vision-103,Reminiscence of Yuan,Feb-08-2023
https://www.alchemistcodedb.com/card/ts-rev-20180526-vision-102,Reminiscence of Mia,Feb-08-2023
https://www.alchemistcodedb.com/card/ts-rev-20180526-vision-101,Reminiscence of Freed,Feb-08-2023
https://www.alchemistcodedb.com/card/ts-rev-20180526-vision-100,Reminiscence of Zahar,Feb-08-2023
https://www.alchemistcodedb.com/card/ts-rev-20180526-vision-099,Reminiscence of Gyan,Feb-08-2023
https://www.alchemistcodedb.com/card/ts-rev-20180526-vision-098,Reminiscence of Vanekis,Feb-08-2023
https://www.alchemistcodedb.com/card/ts-rev-20180526-vision-097,Reminiscence of Ishuna,Feb-08-2023
https://www.alchemistcodedb.com/card/ts-rev-20180526-vision-096,Reminiscence of Nina,Feb-08-2023
https://www.alchemistcodedb.com/card/ts-rev-20180526-vision-095,Reminiscence of Birgitta,Feb-08-2023
https://www.alchemistcodedb.com/card/ts-rev-20180526-vision-094,Reminiscence of Thomas,Feb-08-2023
https://www.alchemistcodedb.com/card/ts-rev-20180526-vision-093,Reminiscence of Annika,Feb-08-2023
https://www.alchemistcodedb.com/card/ts-rev-20180526-vision-092,Reminiscence of Olga,Feb-08-2023
https://www.alchemistcodedb.com/card/ts-rev-20180526-vision-091,Reminiscence of Yuto,Feb-08-2023
https://www.alchemistcodedb.com/card/ts-rev-20180526-vision-090,Reminiscence of Thillie,Feb-08-2023
https://www.alchemistcodedb.com/card/ts-rev-20180526-vision-089,Reminiscence of Chiruru,Feb-08-2023
https://www.alchemistcodedb.com/card/ts-rev-20180526-vision-088,Reminiscence of Arba,Feb-08-2023
https://www.alchemistcodedb.com/card/ts-rev-20180526-vision-087,Reminiscence of Peridot,Feb-08-2023
https://www.alchemistcodedb.com/card/ts-rev-20180526-vision-086,Reminiscence of Gormalas,Feb-08-2023
https://www.alchemistcodedb.com/card/ts-rev-20180526-vision-085,Reminiscence of Milis,Feb-08-2023
https://www.alchemistcodedb.com/card/ts-rev-20180526-vision-084,Reminiscence of Melda,Feb-08-2023
https://www.alchemistcodedb.com/card/ts-rev-20180526-vision-083,Reminiscence of Melia,Feb-08-2023
https://www.alchemistcodedb.com/card/ts-rev-20180526-vision-082,Reminiscence of Gato,Feb-08-2023
https://www.alchemistcodedb.com/card/ts-rev-20180526-vision-081,Reminiscence of Alexis,Feb-08-2023
https://www.alchemistcodedb.com/card/ts-rev-20180526-vision-080,Reminiscence of Almira,Feb-08-2023
https://www.alchemistcodedb.com/card/ts-rev-20180526-vision-079,Reminiscence of Gilfred,Feb-08-2023
https://www.alchemistcodedb.com/card/ts-rev-20180526-vision-078,Reminiscence of Toritoh,Feb-08-2023
https://www.alchemistcodedb.com/card/ts-rev-20180526-vision-077,Reminiscence of Ines,Feb-08-2023
https://www.alchemistcodedb.com/card/ts-rev-20180526-vision-076,Reminiscence of Nasario,Feb-08-2023
https://www.alchemistcodedb.com/card/ts-rev-20180526-vision-075,Reminiscence of Nefertiti,Feb-08-2023
https://www.alchemistcodedb.com/card/ts-rev-20180526-vision-074,Reminiscence of Carla,Feb-08-2023
https://www.alchemistcodedb.com/card/ts-rev-20180526-vision-073,Reminiscence of Ankh,Feb-08-2023
https://www.alchemistcodedb.com/card/ts-rev-20180526-vision-072,Reminiscence of Uzuma,Feb-08-2023
https://www.alchemistcodedb.com/card/ts-rev-20180526-vision-071,Reminiscence of Hisham,Feb-08-2023
https://www.alchemistcodedb.com/card/ts-rev-20180526-vision-070,Reminiscence of Aswald,Feb-08-2023
https://www.alchemistcodedb.com/card/ts-rev-20180526-vision-069,Reminiscence of Ramses,Feb-08-2023
https://www.alchemistcodedb.com/card/ts-rev-20180526-vision-068,Reminiscence of Scheherazade,Feb-08-2023
https://www.alchemistcodedb.com/card/ts-rev-20180526-vision-067,Reminiscence of Ryle,Feb-08-2023
https://www.alchemistcodedb.com/card/ts-rev-20180526-vision-066,Reminiscence of Balt,Feb-08-2023
https://www.alchemistcodedb.com/card/ts-rev-20180526-vision-065,Reminiscence of Retzius,Feb-08-2023
https://www.alchemistcodedb.com/card/ts-rev-20180526-vision-064,Reminiscence of Rahu,Feb-08-2023
https://www.alchemistcodedb.com/card/ts-rev-20180526-vision-063,Reminiscence of Ciel,Feb-08-2023
https://www.alchemistcodedb.com/card/ts-rev-20180526-vision-062,Reminiscence of Lucian,Feb-08-2023
https://www.alchemistcodedb.com/card/ts-rev-20180526-vision-061,Reminiscence of Strie,Feb-08-2023
https://www.alchemistcodedb.com/card/ts-rev-20180526-vision-060,Reminiscence of Jake,Feb-08-2023
https://www.alchemistcodedb.com/card/ts-rev-20180526-vision-059,Reminiscence of Ange,Feb-08-2023
https://www.alchemistcodedb.com/card/ts-rev-20180526-vision-058,Reminiscence of Arkil,Feb-08-2023
https://www.alchemistcodedb.com/card/ts-rev-20180526-vision-057,Reminiscence of Lotiyah,Feb-08-2023
https://www.alchemistcodedb.com/card/ts-rev-20180526-vision-056,Reminiscence of Tethys,Feb-08-2023
https://www.alchemistcodedb.com/card/ts-rev-20180526-vision-055,Reminiscence of Zofia,Feb-08-2023
https://www.alchemistcodedb.com/card/ts-rev-20180526-vision-054,Reminiscence of Neica,Feb-08-2023
https://www.alchemistcodedb.com/card/ts-rev-20180526-vision-053,Reminiscence of Teona,Feb-08-2023
https://www.alchemistcodedb.com/card/ts-rev-20180526-vision-052,Reminiscence of Corvus,Feb-08-2023
https://www.alchemistcodedb.com/card/ts-rev-20180526-vision-051,Reminiscence of Aisha,Feb-08-2023
https://www.alchemistcodedb.com/card/ts-rev-20180526-vision-050,Reminiscence of Justin,Feb-08-2023
https://www.alchemistcodedb.com/card/ts-rev-20180526-vision-049,Reminiscence of Chat Noir,Feb-08-2023
https://www.alchemistcodedb.com/card/ts-rev-20180526-vision-048,Reminiscence of Daisy,Feb-08-2023
https://www.alchemistcodedb.com/card/ts-rev-20180526-vision-047,Reminiscence of Hazel,Feb-08-2023
https://www.alchemistcodedb.com/card/ts-rev-20180526-vision-046,Reminiscence of Carol,Feb-08-2023
https://www.alchemistcodedb.com/card/ts-rev-20180526-vision-045,Reminiscence of Vincent,Feb-08-2023
https://www.alchemistcodedb.com/card/ts-rev-20180526-vision-044,Reminiscence of Courage,Feb-08-2023
https://www.alchemistcodedb.com/card/ts-rev-20180526-vision-043,Reminiscence of Albea,Feb-08-2023
https://www.alchemistcodedb.com/card/ts-rev-20180526-vision-042,Reminiscence of Veloz,Feb-08-2023
https://www.alchemistcodedb.com/card/ts-rev-20180526-vision-041,Reminiscence of Reagan,Feb-08-2023
https://www.alchemistcodedb.com/card/ts-rev-20180526-vision-040,Reminiscence of Richie,Feb-08-2023
https://www.alchemistcodedb.com/card/ts-rev-20180526-vision-039,Reminiscence of Megistos,Feb-08-2023
https://www.alchemistcodedb.com/card/ts-rev-20180526-vision-038,Reminiscence of Strauss,Feb-08-2023
https://www.alchemistcodedb.com/card/ts-rev-20180526-vision-037,Reminiscence of Caris,Feb-08-2023
https://www.alchemistcodedb.com/card/ts-rev-20180526-vision-036,Reminiscence of Amis,Feb-08-2023
https://www.alchemistcodedb.com/card/ts-rev-20180526-vision-035,Reminiscence of Orion,Feb-08-2023
https://www.alchemistcodedb.com/card/ts-rev-20180526-vision-034,Reminiscence of Tsang Lei,Feb-08-2023
https://www.alchemistcodedb.com/card/ts-rev-20180526-vision-033,Reminiscence of Won,Feb-08-2023
https://www.alchemistcodedb.com/card/ts-rev-20180526-vision-032,Reminiscence of Lucia,Feb-08-2023
https://www.alchemistcodedb.com/card/ts-rev-20180526-vision-031,Reminiscence of Fayrene,Feb-08-2023
https://www.alchemistcodedb.com/card/ts-rev-20180526-vision-030,Reminiscence of Chao,Feb-08-2023
https://www.alchemistcodedb.com/card/ts-rev-20180526-vision-029,Reminiscence of Mei Fang,Feb-08-2023
https://www.alchemistcodedb.com/card/ts-rev-20180526-vision-028,Reminiscence of Shenmei,Feb-08-2023
https://www.alchemistcodedb.com/card/ts-rev-20180526-vision-027,Reminiscence of Natalie,Feb-08-2023
https://www.alchemistcodedb.com/card/ts-rev-20180526-vision-026,Reminiscence of Gerald,Feb-08-2023
https://www.alchemistcodedb.com/card/ts-rev-20180526-vision-025,Reminiscence of Bertha,Feb-08-2023
https://www.alchemistcodedb.com/card/ts-rev-20180526-vision-024,Reminiscence of Blitz,Feb-08-2023
https://www.alchemistcodedb.com/card/ts-rev-20180526-vision-023,Reminiscence of D'Artagnan,Feb-08-2023
https://www.alchemistcodedb.com/card/ts-rev-20180526-vision-022,Reminiscence of Priscilla,Feb-08-2023
https://www.alchemistcodedb.com/card/ts-rev-20180526-vision-021,Reminiscence of Fairily,Feb-08-2023
https://www.alchemistcodedb.com/card/ts-rev-20180526-vision-020,Reminiscence of Leoniaz,Feb-08-2023
https://www.alchemistcodedb.com/card/ts-rev-20180526-vision-019,Reminiscence of Margaret,Feb-08-2023
https://www.alchemistcodedb.com/card/ts-rev-20180526-vision-014,Reminiscence of Fraise,Feb-08-2023
https://www.alchemistcodedb.com/card/ts-rev-20180526-vision-013,Reminiscence of Elizabeth,Feb-08-2023
https://www.alchemistcodedb.com/card/ts-rev-20180526-vision-012,Reminiscence of Gane,Feb-08-2023
https://www.alchemistcodedb.com/card/ts-rev-20180526-vision-011,Reminiscence of Vettel,Feb-08-2023
https://www.alchemistcodedb.com/card/ts-rev-20180526-vision-010,Reminiscence of Mianne,Feb-08-2023
https://www.alchemistcodedb.com/card/ts-rev-20180526-vision-009,Reminiscence of Rigalt,Feb-08-2023
https://www.alchemistcodedb.com/card/ts-rev-20180526-vision-008,Reminiscence of Lambert,Feb-08-2023
https://www.alchemistcodedb.com/card/ts-rev-20180526-vision-007,Reminiscence of Patty,Feb-08-2023
https://www.alchemistcodedb.com/card/ts-rev-20180526-vision-006,Reminiscence of Decel,Feb-08-2023
https://www.alchemistcodedb.com/card/ts-rev-20180526-vision-005,Reminiscence of Dilga,Feb-08-2023
https://www.alchemistcodedb.com/card/ts-rev-20180526-vision-004,Reminiscence of Chloe,Feb-08-2023
https://www.alchemistcodedb.com/card/ts-rev-20180526-vision-003,Reminiscence of Elaine,Feb-08-2023
https://www.alchemistcodedb.com/card/ts-rev-20180526-vision-002,Reminiscence of Alfred,Feb-08-2023
https://www.alchemistcodedb.com/card/ts-rev-20180526-vision-001,Reminiscence of Alaia,Feb-08-2023
https://www.alchemistcodedb.com/card/ts-realevent-03,Alchemist Code Goes Next Gen!,Feb-08-2023
https://www.alchemistcodedb.com/card/ts-rev-20180526-vision-018,Reminiscence of Elrike,Feb-08-2023
https://www.alchemistcodedb.com/card/ts-rev-20180526-vision-017,Reminiscence of Victor,Feb-08-2023
https://www.alchemistcodedb.com/card/ts-rev-20180526-vision-016,Reminiscence of Shayna,Feb-08-2023
https://www.alchemistcodedb.com/card/ts-realevent-02,Alchemist Code Goes Next Gen!,Feb-08-2023
https://www.alchemistcodedb.com/card/ts-realevent-01,Alchemist Code Goes Next Gen!,Feb-08-2023
https://www.alchemistcodedb.com/card/ts-cry-merl-01,Thy Noble Name,Feb-08-2023
https://www.alchemistcodedb.com/card/ts-envyria-monzotm-02,To Do What's Right,Feb-08-2023
https://www.alchemistcodedb.com/card/ts-lust-yaulas-01,Broken Blade,Feb-08-2023
https://www.alchemistcodedb.com/card/ts-lost-achad-01,My Ray of Sunshine,Feb-08-2023
https://www.alchemistcodedb.com/card/ts-wrath-kudhanstein-01,One Who Wavers in the Dark,Feb-08-2023
https://www.alchemistcodedb.com/card/ts-envyria-canon-01,Inherited Justice,Feb-08-2023
https://www.alchemistcodedb.com/card/ts-vision-01,Reminiscences of a Robot,Feb-08-2023
https://www.alchemistcodedb.com/card/ts-sloth-taras-01,The Smoky Blues,Feb-08-2023
https://www.alchemistcodedb.com/card/ts-desert-sutorie-01,A Special Day,Feb-08-2023
https://www.alchemistcodedb.com/card/ts-desert-asuwado-01,Blade Concealed by Dark Clouds,Feb-08-2023
https://www.alchemistcodedb.com/card/ts-sloth-fiona-02,No Tears for the Bride,Feb-08-2023
https://www.alchemistcodedb.com/card/ts-desert-ryle-01,Guardian of the White Sands,Feb-08-2023
https://www.alchemistcodedb.com/card/ts-desert-arkill-01,Taking What's Owed,Feb-08-2023
https://www.alchemistcodedb.com/card/ts-desert-ank-01,Strategist's Busy Day,Feb-08-2023
https://www.alchemistcodedb.com/card/ts-desert-retzius-01,Goals and Admiration,Feb-08-2023
https://www.alchemistcodedb.com/card/ts-desert-rameses-01,Loving Family,Feb-08-2023
https://www.alchemistcodedb.com/card/ts-desert-balt-01,Burning Desert Vow,Feb-08-2023
https://www.alchemistcodedb.com/card/ts-apr-liz-01,Dream Enemies,Feb-08-2023
https://www.alchemistcodedb.com/card/ts-wrath-mare-01,I'll Protect You!,Feb-08-2023
https://www.alchemistcodedb.com/card/ts-wrath-sabaleta-01,Burning Briefly but Brightly,Feb-08-2023
https://www.alchemistcodedb.com/card/ts-wrath-magnus-01,Playing Dirty,Feb-08-2023
https://www.alchemistcodedb.com/card/ts-rev-20180526-vision-015,Reminiscence of Lucretia,Feb-08-2023
https://www.alchemistcodedb.com/card/ts-wrath-rosa-01,Engraved in the Soul,Feb-08-2023
https://www.alchemistcodedb.com/card/ts-wrath-lamia-01,Poppies Swaying in the Breeze,Feb-08-2023
https://www.alchemistcodedb.com/card/ts-wrath-glanz-01,Unsung Heroes,Feb-08-2023
https://www.alchemistcodedb.com/card/ts-wrath-spica-01,Growing Kinship,Feb-08-2023
https://www.alchemistcodedb.com/card/ts-wrath-zahar-01,Unfulfilled Dark Ambition,Feb-08-2023
https://www.alchemistcodedb.com/card/ts-envyria-victor-01,Study Guide,Feb-08-2023
https://www.alchemistcodedb.com/card/ts-envyria-alaia-01,Fruits of Labor,Feb-08-2023
https://www.alchemistcodedb.com/card/ts-sloth-fiona-01,A Hopeful Future,Feb-08-2023
https://www.alchemistcodedb.com/card/ts-letter-02,Lil' Ouroboros' Letter,Feb-08-2023
https://www.alchemistcodedb.com/card/ts-letter-01,Fiona (and Alkemono's) Letter,Feb-08-2023
https://www.alchemistcodedb.com/card/ts-disgaea-01,"Chapter 128 ""The Return of the Demon King""",Feb-08-2023
https://www.alchemistcodedb.com/card/ts-exp-04,Ratty's New Hope,Feb-08-2023
https://www.alchemistcodedb.com/card/ts-exp-03,Ratty's Bliss,Feb-08-2023
https://www.alchemistcodedb.com/card/ts-envyria-fountain-01,Vision of the Future,Feb-08-2023
https://www.alchemistcodedb.com/card/ts-envyria-runbell-01,The Freedom of a Mercenary,Feb-08-2023
https://www.alchemistcodedb.com/card/ts-envyria-roten-01,Recommended Items,Feb-08-2023
https://www.alchemistcodedb.com/card/ts-envyria-ayllu-01,An Unexpected Discovery,Feb-08-2023
https://www.alchemistcodedb.com/card/ts-envyria-agatha-01,Warm Memory,Feb-08-2023
https://www.alchemistcodedb.com/card/ts-envyria-dilga-01,Soldier's Respite,Feb-08-2023
https://www.alchemistcodedb.com/card/ts-envyria-elaine-01,Beloved Hat,Feb-08-2023
https://www.alchemistcodedb.com/card/ts-envyria-priscila-01,Flowers for the Departed,Feb-08-2023
https://www.alchemistcodedb.com/card/ts-exp-02,Ratty's Companions,Feb-08-2023
https://www.alchemistcodedb.com/card/ts-exp-01,Ratty's Excursion,Feb-08-2023
https://www.alchemistcodedb.com/card/ts-envyria-alfred-01,Shayna Fanclub Membership Card,Feb-08-2023
https://www.alchemistcodedb.com/card/ts-envyria-decel-01,A Momentary Rest,Feb-08-2023
https://www.alchemistcodedb.com/card/ts-envyria-lucretia-01,The Elusive Princess Knight,Feb-08-2023
https://www.alchemistcodedb.com/card/ts-envyria-dartagnan-01,All You Need is Meat!,Feb-08-2023
https://www.alchemistcodedb.com/card/ts-envyria-margaret-01,Anything for You,Feb-08-2023
https://www.alchemistcodedb.com/card/ts-envyria-monzotm-01,Shall We Brunch Again?,Feb-08-2023
https://www.alchemistcodedb.com/card/ts-envyria-elizabeth-01,"No Pain, No Gain",Feb-08-2023
https://www.alchemistcodedb.com/card/ts-envyria-lgdsag-01,What Burns Within,Feb-08-2023
https://www.alchemistcodedb.com/card/ts-envyria-shayna-01,To be a Lady,Feb-08-2023
https://www.alchemistcodedb.com/card/ts-envyria-fairlily-01,Our Botanical Garden,Feb-08-2023
https://www.alchemistcodedb.com/card/ts-envyria-cloe-01,Devastating Defeat,Feb-08-2023
https://www.alchemistcodedb.com/card/ts-envyria-vettel-01,Scarlet Flames of Bygone Days,Feb-08-2023
