LINK,NAME,DATE,PROGRESS
https://www.alchemistcodedb.com/unit/awake-emmel,Emmel (Final Battle),Feb-09-2023,NOT_SCRAPE
https://www.alchemistcodedb.com/unit/uroboros-legacy,Ouroboros Legacy,Feb-09-2023,NOT_SCRAPE
https://www.alchemistcodedb.com/unit/sb-fitoria,Fitoria,Feb-09-2023,NOT_SCRAPE
https://www.alchemistcodedb.com/unit/sb-glass,Glass,Feb-09-2023,NOT_SCRAPE
https://www.alchemistcodedb.com/unit/estela,Estella,Feb-09-2023,NOT_SCRAPE
https://www.alchemistcodedb.com/unit/schmeier,Schmeier,Feb-09-2023,NOT_SCRAPE
https://www.alchemistcodedb.com/unit/esai-ignacio,Yishai Ignacio,Feb-09-2023,NOT_SCRAPE
https://www.alchemistcodedb.com/unit/mathias,Matia,Feb-09-2023,NOT_SCRAPE
https://www.alchemistcodedb.com/unit/pok-solomon,Solomon,Feb-09-2023,NOT_SCRAPE
https://www.alchemistcodedb.com/unit/mesarthim,Mesarthim,Feb-09-2023,NOT_SCRAPE
https://www.alchemistcodedb.com/unit/kalmia,Kalmia,Feb-09-2023,NOT_SCRAPE
https://www.alchemistcodedb.com/unit/clabul,Claybelle,Feb-09-2023,NOT_SCRAPE
https://www.alchemistcodedb.com/unit/kaede,Kaede,Feb-09-2023,NOT_SCRAPE
https://www.alchemistcodedb.com/unit/zafirith,Zafeiris,Feb-09-2023,NOT_SCRAPE
https://www.alchemistcodedb.com/unit/shahar,Shahel,Feb-09-2023,NOT_SCRAPE
https://www.alchemistcodedb.com/unit/helene,Helene,Feb-09-2023,NOT_SCRAPE
https://www.alchemistcodedb.com/unit/gl-roxa-dark,Dark Roxanne,Feb-09-2023,NOT_SCRAPE
https://www.alchemistcodedb.com/unit/dung-aiz,Ais Wallenstein,Feb-09-2023,NOT_SCRAPE
https://www.alchemistcodedb.com/unit/dung-hestia,Hestia,Feb-09-2023,NOT_SCRAPE
https://www.alchemistcodedb.com/unit/dung-bell,Bell Cranel,Feb-09-2023,NOT_SCRAPE
https://www.alchemistcodedb.com/unit/vlad,Vlad,Feb-09-2023,NOT_SCRAPE
https://www.alchemistcodedb.com/unit/caesar,Caesar,Feb-09-2023,NOT_SCRAPE
https://www.alchemistcodedb.com/unit/neville,Neville,Feb-09-2023,NOT_SCRAPE
https://www.alchemistcodedb.com/unit/langhao,Langhao,Feb-09-2023,NOT_SCRAPE
https://www.alchemistcodedb.com/unit/pok-logistilla,Logistilla,Feb-09-2023,NOT_SCRAPE
https://www.alchemistcodedb.com/unit/ignacio,Ignacio,Feb-09-2023,NOT_SCRAPE
https://www.alchemistcodedb.com/unit/gl-lachesis,Lachesis,Feb-09-2023,NOT_SCRAPE
https://www.alchemistcodedb.com/unit/cry-dark-olivier,Dark Olivier,Feb-09-2023,NOT_SCRAPE
https://www.alchemistcodedb.com/unit/cry-masakado,Masakado,Feb-09-2023,NOT_SCRAPE
https://www.alchemistcodedb.com/unit/claris,Claris,Feb-09-2023,NOT_SCRAPE
https://www.alchemistcodedb.com/unit/kubera,Kubera,Feb-09-2023,NOT_SCRAPE
https://www.alchemistcodedb.com/unit/benika,Benika,Feb-09-2023,NOT_SCRAPE
https://www.alchemistcodedb.com/unit/ts-escanor,Escanor,Feb-09-2023,NOT_SCRAPE
https://www.alchemistcodedb.com/unit/ts-zeldris,Zeldris,Feb-09-2023,NOT_SCRAPE
https://www.alchemistcodedb.com/unit/ts-merlin,Merlin,Feb-09-2023,NOT_SCRAPE
https://www.alchemistcodedb.com/unit/ts-elizabth,Elizabeth Liones,Feb-09-2023,NOT_SCRAPE
https://www.alchemistcodedb.com/unit/bianca,Bianca,Feb-09-2023,NOT_SCRAPE
https://www.alchemistcodedb.com/unit/nimuru,Nimul,Feb-09-2023,NOT_SCRAPE
https://www.alchemistcodedb.com/unit/tanosuke,Tanosuke,Feb-09-2023,NOT_SCRAPE
https://www.alchemistcodedb.com/unit/celes,Celis,Feb-09-2023,NOT_SCRAPE
https://www.alchemistcodedb.com/unit/ugachi,Ugachi,Feb-09-2023,NOT_SCRAPE
https://www.alchemistcodedb.com/unit/gl-grimm1,Grimm I,Feb-09-2023,NOT_SCRAPE
https://www.alchemistcodedb.com/unit/pok-ragnarok,Ragnarok,Feb-09-2023,NOT_SCRAPE
https://www.alchemistcodedb.com/unit/irene,Irene,Feb-09-2023,NOT_SCRAPE
https://www.alchemistcodedb.com/unit/yura,Yura,Feb-09-2023,NOT_SCRAPE
https://www.alchemistcodedb.com/unit/natsume,Natsume,Feb-09-2023,NOT_SCRAPE
https://www.alchemistcodedb.com/unit/gl-liwang,Li Wang,Feb-09-2023,NOT_SCRAPE
https://www.alchemistcodedb.com/unit/zex,Zechs,Feb-09-2023,NOT_SCRAPE
https://www.alchemistcodedb.com/unit/tsp-benimaru,Benimaru,Feb-09-2023,NOT_SCRAPE
https://www.alchemistcodedb.com/unit/tsp-millim,Milim Nava,Feb-09-2023,NOT_SCRAPE
https://www.alchemistcodedb.com/unit/tsp-rimuru,Rimuru Tempest,Feb-09-2023,NOT_SCRAPE
https://www.alchemistcodedb.com/unit/tsp-rimuru-slime,Rimuru Tempest,Feb-09-2023,NOT_SCRAPE
https://www.alchemistcodedb.com/unit/qens,Quence,Feb-09-2023,NOT_SCRAPE
https://www.alchemistcodedb.com/unit/suruba,Sulva,Feb-09-2023,NOT_SCRAPE
https://www.alchemistcodedb.com/unit/pok-hercule,Hercule,Feb-09-2023,NOT_SCRAPE
https://www.alchemistcodedb.com/unit/pok-minerva,Minerva,Feb-09-2023,NOT_SCRAPE
https://www.alchemistcodedb.com/unit/gl-nesha,Nesha,Feb-09-2023,NOT_SCRAPE
https://www.alchemistcodedb.com/unit/leychel,Rachel,Feb-09-2023,NOT_SCRAPE
https://www.alchemistcodedb.com/unit/andechs,Andechs,Feb-09-2023,NOT_SCRAPE
https://www.alchemistcodedb.com/unit/ryui,Ryui,Feb-09-2023,NOT_SCRAPE
https://www.alchemistcodedb.com/unit/naju,Na Zhu,Feb-09-2023,NOT_SCRAPE
https://www.alchemistcodedb.com/unit/nicaea,Nicaea,Feb-09-2023,NOT_SCRAPE
https://www.alchemistcodedb.com/unit/kasumi,Kasumi,Feb-09-2023,NOT_SCRAPE
https://www.alchemistcodedb.com/unit/plumeria,Plumeria,Feb-09-2023,NOT_SCRAPE
https://www.alchemistcodedb.com/unit/daphne,Daphne,Feb-09-2023,NOT_SCRAPE
https://www.alchemistcodedb.com/unit/malta,Malta,Feb-09-2023,NOT_SCRAPE
https://www.alchemistcodedb.com/unit/yuen,Ewan,Feb-09-2023,NOT_SCRAPE
https://www.alchemistcodedb.com/unit/ainanna,Ainanna,Feb-09-2023,NOT_SCRAPE
https://www.alchemistcodedb.com/unit/rachel,Rochelle,Feb-09-2023,NOT_SCRAPE
https://www.alchemistcodedb.com/unit/juuria-dark,Dark Julia,Feb-09-2023,NOT_SCRAPE
https://www.alchemistcodedb.com/unit/sb-firo,Filo,Feb-09-2023,NOT_SCRAPE
https://www.alchemistcodedb.com/unit/sb-raphtalia,Raphtalia,Feb-09-2023,NOT_SCRAPE
https://www.alchemistcodedb.com/unit/sb-melty,Melty Melromarc,Feb-09-2023,NOT_SCRAPE
https://www.alchemistcodedb.com/unit/sb-naofumi,Naofumi Iwatani,Feb-09-2023,NOT_SCRAPE
https://www.alchemistcodedb.com/unit/gl-eliza,Eliza,Feb-09-2023,NOT_SCRAPE
https://www.alchemistcodedb.com/unit/eulalia,Eulalia,Feb-09-2023,NOT_SCRAPE
https://www.alchemistcodedb.com/unit/gl-lilith,Lilith,Feb-09-2023,NOT_SCRAPE
https://www.alchemistcodedb.com/unit/pok-risanaut,Lisanaut,Feb-09-2023,NOT_SCRAPE
https://www.alchemistcodedb.com/unit/einz,Eins,Feb-09-2023,NOT_SCRAPE
https://www.alchemistcodedb.com/unit/nero,Nero,Feb-09-2023,NOT_SCRAPE
https://www.alchemistcodedb.com/unit/tamisu,Tamis,Feb-09-2023,NOT_SCRAPE
https://www.alchemistcodedb.com/unit/tehre,Tehre,Feb-09-2023,NOT_SCRAPE
https://www.alchemistcodedb.com/unit/voda,Voda,Feb-09-2023,NOT_SCRAPE
https://www.alchemistcodedb.com/unit/hoo,Fuu,Feb-09-2023,NOT_SCRAPE
https://www.alchemistcodedb.com/unit/gl-red6,Red VI,Feb-09-2023,NOT_SCRAPE
https://www.alchemistcodedb.com/unit/pok-cassius,Cassius,Feb-09-2023,NOT_SCRAPE
https://www.alchemistcodedb.com/unit/gl-emrys,Emrys,Feb-09-2023,NOT_SCRAPE
https://www.alchemistcodedb.com/unit/ikasa,Ikasa,Feb-09-2023,NOT_SCRAPE
https://www.alchemistcodedb.com/unit/amane,Amane,Feb-09-2023,NOT_SCRAPE
https://www.alchemistcodedb.com/unit/minario,Minario,Feb-09-2023,NOT_SCRAPE
https://www.alchemistcodedb.com/unit/ikona,Icona,Feb-09-2023,NOT_SCRAPE
https://www.alchemistcodedb.com/unit/everica,Evelika,Feb-09-2023,NOT_SCRAPE
https://www.alchemistcodedb.com/unit/adorei,Adaleigh,Feb-09-2023,NOT_SCRAPE
https://www.alchemistcodedb.com/unit/pok-failnaught,Failnaught,Feb-09-2023,NOT_SCRAPE
https://www.alchemistcodedb.com/unit/pok-tifaret,Tiferet,Feb-09-2023,NOT_SCRAPE
https://www.alchemistcodedb.com/unit/st-nikusu-dark,Dark Nyx,Feb-09-2023,NOT_SCRAPE
https://www.alchemistcodedb.com/unit/st-mela-dark,Dark Mira,Feb-09-2023,NOT_SCRAPE
https://www.alchemistcodedb.com/unit/siyi,Su Yi,Feb-09-2023,NOT_SCRAPE
https://www.alchemistcodedb.com/unit/rishen,Liu Shen,Feb-09-2023,NOT_SCRAPE
https://www.alchemistcodedb.com/unit/ambrosia,Ambrosia,Feb-09-2023,NOT_SCRAPE
https://www.alchemistcodedb.com/unit/mashuli,Macherie,Feb-09-2023,NOT_SCRAPE
https://www.alchemistcodedb.com/unit/gl-morrigan,Morrigan,Feb-09-2023,NOT_SCRAPE
https://www.alchemistcodedb.com/unit/drei,Drei,Feb-09-2023,NOT_SCRAPE
https://www.alchemistcodedb.com/unit/won,Won,Feb-09-2023,NOT_SCRAPE
https://www.alchemistcodedb.com/unit/gino,Gino,Feb-09-2023,NOT_SCRAPE
https://www.alchemistcodedb.com/unit/kevin,Kevin,Feb-09-2023,NOT_SCRAPE
https://www.alchemistcodedb.com/unit/ts-ban,Ban,Feb-09-2023,NOT_SCRAPE
https://www.alchemistcodedb.com/unit/ts-gouseru,Gowther,Feb-09-2023,NOT_SCRAPE
https://www.alchemistcodedb.com/unit/ts-diane,Diane,Feb-09-2023,NOT_SCRAPE
https://www.alchemistcodedb.com/unit/ts-king,King,Feb-09-2023,NOT_SCRAPE
https://www.alchemistcodedb.com/unit/ts-melyodas,Meliodas,Feb-09-2023,NOT_SCRAPE
https://www.alchemistcodedb.com/unit/more,Moa,Feb-09-2023,NOT_SCRAPE
https://www.alchemistcodedb.com/unit/kuza,Kuza,Feb-09-2023,NOT_SCRAPE
https://www.alchemistcodedb.com/unit/raura,Laila,Feb-09-2023,NOT_SCRAPE
https://www.alchemistcodedb.com/unit/pok-arumasu,Almace,Feb-09-2023,NOT_SCRAPE
https://www.alchemistcodedb.com/unit/s-hiragi,Hiiragi,Feb-09-2023,NOT_SCRAPE
https://www.alchemistcodedb.com/unit/st-nikusu,Nyx,Feb-09-2023,NOT_SCRAPE
https://www.alchemistcodedb.com/unit/blitz,Blitz,Feb-09-2023,NOT_SCRAPE
https://www.alchemistcodedb.com/unit/moca,Mocca,Feb-09-2023,NOT_SCRAPE
https://www.alchemistcodedb.com/unit/st-mela,Mira,Feb-09-2023,NOT_SCRAPE
https://www.alchemistcodedb.com/unit/syaron,Sharon,Feb-09-2023,NOT_SCRAPE
https://www.alchemistcodedb.com/unit/gl-eira,Eira,Feb-09-2023,NOT_SCRAPE
https://www.alchemistcodedb.com/unit/gl-blair,Blair,Feb-09-2023,NOT_SCRAPE
https://www.alchemistcodedb.com/unit/othima-dark,Dark Othima,Feb-09-2023,NOT_SCRAPE
https://www.alchemistcodedb.com/unit/zwei,Zwei,Feb-09-2023,NOT_SCRAPE
https://www.alchemistcodedb.com/unit/cloe-dark,Dark Chloe,Feb-09-2023,NOT_SCRAPE
https://www.alchemistcodedb.com/unit/juuria,Julia,Feb-09-2023,NOT_SCRAPE
https://www.alchemistcodedb.com/unit/setsuna-dark,Dark Setsuna,Feb-09-2023,NOT_SCRAPE
https://www.alchemistcodedb.com/unit/zayin-dark,Dark Zain,Feb-09-2023,NOT_SCRAPE
https://www.alchemistcodedb.com/unit/ku-iena,Yna Ku,Feb-09-2023,NOT_SCRAPE
https://www.alchemistcodedb.com/unit/emmel,Emmel,Feb-09-2023,NOT_SCRAPE
https://www.alchemistcodedb.com/unit/hozuki,Hozuki,Feb-09-2023,NOT_SCRAPE
https://www.alchemistcodedb.com/unit/bf-luna,Lunaris,Feb-09-2023,NOT_SCRAPE
https://www.alchemistcodedb.com/unit/pok-blk-parashu,Dark Parashu,Feb-09-2023,NOT_SCRAPE
https://www.alchemistcodedb.com/unit/pok-blk-freikugel,Dark Freikugel,Feb-09-2023,NOT_SCRAPE
https://www.alchemistcodedb.com/unit/waginao,Waginau,Feb-09-2023,NOT_SCRAPE
https://www.alchemistcodedb.com/unit/gl-zhengyi,Zheng Yi,Feb-09-2023,NOT_SCRAPE
https://www.alchemistcodedb.com/unit/cry-arthur,Arthur,Feb-09-2023,NOT_SCRAPE
https://www.alchemistcodedb.com/unit/cry-merlinus,Merlinus,Feb-09-2023,NOT_SCRAPE
https://www.alchemistcodedb.com/unit/cheryl,Cheryl,Feb-09-2023,NOT_SCRAPE
https://www.alchemistcodedb.com/unit/gl-asuka,Asuka,Feb-09-2023,NOT_SCRAPE
https://www.alchemistcodedb.com/unit/pok-blk-masamune,Dark Masamune,Feb-09-2023,NOT_SCRAPE
https://www.alchemistcodedb.com/unit/pok-blk-longinus,Dark Longinus,Feb-09-2023,NOT_SCRAPE
https://www.alchemistcodedb.com/unit/kaya,Kaya,Feb-09-2023,NOT_SCRAPE
https://www.alchemistcodedb.com/unit/rakina,Lakina,Feb-09-2023,NOT_SCRAPE
https://www.alchemistcodedb.com/unit/apr-liz,Lizardman,Feb-09-2023,NOT_SCRAPE
https://www.alchemistcodedb.com/unit/wilhelm,Wilhelm,Feb-09-2023,NOT_SCRAPE
https://www.alchemistcodedb.com/unit/shirma,Silma,Feb-09-2023,NOT_SCRAPE
https://www.alchemistcodedb.com/unit/aisha,Aisha,Feb-09-2023,NOT_SCRAPE
https://www.alchemistcodedb.com/unit/rebecca,Rebecca,Feb-09-2023,NOT_SCRAPE
https://www.alchemistcodedb.com/unit/alma,Alma,Feb-09-2023,NOT_SCRAPE
https://www.alchemistcodedb.com/unit/leafa,Leafah,Feb-09-2023,NOT_SCRAPE
https://www.alchemistcodedb.com/unit/orion,Orion,Feb-09-2023,NOT_SCRAPE
https://www.alchemistcodedb.com/unit/teresa,Theresa,Feb-09-2023,NOT_SCRAPE
https://www.alchemistcodedb.com/unit/ren,Ren,Feb-09-2023,NOT_SCRAPE
https://www.alchemistcodedb.com/unit/pamera,Pamela,Feb-09-2023,NOT_SCRAPE
https://www.alchemistcodedb.com/unit/don-taras,Don Taras,Feb-09-2023,NOT_SCRAPE
https://www.alchemistcodedb.com/unit/aot-mikasa,Mikasa,Feb-09-2023,NOT_SCRAPE
https://www.alchemistcodedb.com/unit/yudit,Judith,Feb-09-2023,NOT_SCRAPE
https://www.alchemistcodedb.com/unit/bud,Bud,Feb-09-2023,NOT_SCRAPE
https://www.alchemistcodedb.com/unit/aot-hanji,Hange,Feb-09-2023,NOT_SCRAPE
https://www.alchemistcodedb.com/unit/aot-levi,Levi,Feb-09-2023,NOT_SCRAPE
https://www.alchemistcodedb.com/unit/aot-reiner,Reiner,Feb-09-2023,NOT_SCRAPE
https://www.alchemistcodedb.com/unit/aot-eren,Eren,Feb-09-2023,NOT_SCRAPE
https://www.alchemistcodedb.com/unit/kurt,Creto,Feb-09-2023,NOT_SCRAPE
https://www.alchemistcodedb.com/unit/pok-blk-artemis,Dark Artemis,Feb-09-2023,NOT_SCRAPE
https://www.alchemistcodedb.com/unit/neferty,Nefertiti,Feb-09-2023,NOT_SCRAPE
https://www.alchemistcodedb.com/unit/chatnoir,Chat Noir,Feb-09-2023,NOT_SCRAPE
https://www.alchemistcodedb.com/unit/ankh,Ankh,Feb-09-2023,NOT_SCRAPE
https://www.alchemistcodedb.com/unit/carla,Carla,Feb-09-2023,NOT_SCRAPE
https://www.alchemistcodedb.com/unit/belta,Bertha,Feb-09-2023,NOT_SCRAPE
https://www.alchemistcodedb.com/unit/thol,Sol,Feb-09-2023,NOT_SCRAPE
https://www.alchemistcodedb.com/unit/hisharmu,Hisham,Feb-09-2023,NOT_SCRAPE
https://www.alchemistcodedb.com/unit/sq-gunner,Gunner,Feb-09-2023,NOT_SCRAPE
https://www.alchemistcodedb.com/unit/sq-shenmei,Dancer Shenmei,Feb-09-2023,NOT_SCRAPE
https://www.alchemistcodedb.com/unit/sq-paladin,Protector,Feb-09-2023,NOT_SCRAPE
https://www.alchemistcodedb.com/unit/sherman,Shaman,Feb-09-2023,NOT_SCRAPE
https://www.alchemistcodedb.com/unit/sek-cloe,Dragoon Chloe,Feb-09-2023,NOT_SCRAPE
https://www.alchemistcodedb.com/unit/reaper,Harbinger,Feb-09-2023,NOT_SCRAPE
https://www.alchemistcodedb.com/unit/fencer,Fencer,Feb-09-2023,NOT_SCRAPE
https://www.alchemistcodedb.com/unit/sq-princess,Sovereign,Feb-09-2023,NOT_SCRAPE
https://www.alchemistcodedb.com/unit/s-tsukuyomi,Tsukuyomi,Feb-09-2023,NOT_SCRAPE
https://www.alchemistcodedb.com/unit/pok-freikugel,Freikugel,Feb-09-2023,NOT_SCRAPE
https://www.alchemistcodedb.com/unit/pok-parashu,Parashu,Feb-09-2023,NOT_SCRAPE
https://www.alchemistcodedb.com/unit/pok-blk-laevateinn,Dark Laevateinn,Feb-09-2023,NOT_SCRAPE
https://www.alchemistcodedb.com/unit/l-urob,Lil' Ouroboros,Feb-09-2023,NOT_SCRAPE
https://www.alchemistcodedb.com/unit/ira,Ila,Feb-09-2023,NOT_SCRAPE
https://www.alchemistcodedb.com/unit/niguru,Corvus,Feb-09-2023,NOT_SCRAPE
https://www.alchemistcodedb.com/unit/leticia,Letitia,Feb-09-2023,NOT_SCRAPE
https://www.alchemistcodedb.com/unit/lotia,Lotiyah,Feb-09-2023,NOT_SCRAPE
https://www.alchemistcodedb.com/unit/zenn,Zehn,Feb-09-2023,NOT_SCRAPE
https://www.alchemistcodedb.com/unit/guildford,Gilfred,Feb-09-2023,NOT_SCRAPE
https://www.alchemistcodedb.com/unit/ines,Ines,Feb-09-2023,NOT_SCRAPE
https://www.alchemistcodedb.com/unit/justin,Justin,Feb-09-2023,NOT_SCRAPE
https://www.alchemistcodedb.com/unit/tsanglei,Tsang Lei,Feb-09-2023,NOT_SCRAPE
https://www.alchemistcodedb.com/unit/lucille,Lucia,Feb-09-2023,NOT_SCRAPE
https://www.alchemistcodedb.com/unit/nina,Nina,Feb-09-2023,NOT_SCRAPE
https://www.alchemistcodedb.com/unit/natalie,Natalie,Feb-09-2023,NOT_SCRAPE
https://www.alchemistcodedb.com/unit/gerald,Gerald,Feb-09-2023,NOT_SCRAPE
https://www.alchemistcodedb.com/unit/fiona,Fiona,Feb-09-2023,NOT_SCRAPE
https://www.alchemistcodedb.com/unit/kamui,Kamui,Feb-09-2023,NOT_SCRAPE
https://www.alchemistcodedb.com/unit/tomas,Tomas,Feb-09-2023,NOT_SCRAPE
https://www.alchemistcodedb.com/unit/ema,Emma,Feb-09-2023,NOT_SCRAPE
https://www.alchemistcodedb.com/unit/fury,Quail,Feb-09-2023,NOT_SCRAPE
https://www.alchemistcodedb.com/unit/noin,Neun,Feb-09-2023,NOT_SCRAPE
https://www.alchemistcodedb.com/unit/zyva,Sieba,Feb-09-2023,NOT_SCRAPE
https://www.alchemistcodedb.com/unit/suiran,Suiran,Feb-09-2023,NOT_SCRAPE
https://www.alchemistcodedb.com/unit/cordelia,Cordelia,Feb-09-2023,NOT_SCRAPE
https://www.alchemistcodedb.com/unit/fairlily,Fairily,Feb-09-2023,NOT_SCRAPE
https://www.alchemistcodedb.com/unit/tetis,Tethys,Feb-09-2023,NOT_SCRAPE
https://www.alchemistcodedb.com/unit/pok-blk-tyrhung,Dark Tyrfing,Feb-09-2023,NOT_SCRAPE
https://www.alchemistcodedb.com/unit/feirin,Fayrene,Feb-09-2023,NOT_SCRAPE
https://www.alchemistcodedb.com/unit/edwin,Edwin,Feb-09-2023,NOT_SCRAPE
https://www.alchemistcodedb.com/unit/pok-artemis,Artemis,Feb-09-2023,NOT_SCRAPE
https://www.alchemistcodedb.com/unit/pok-longinus,Longinus,Feb-09-2023,NOT_SCRAPE
https://www.alchemistcodedb.com/unit/izayoi,Izayoi,Feb-09-2023,NOT_SCRAPE
https://www.alchemistcodedb.com/unit/leydow,Reido,Feb-09-2023,NOT_SCRAPE
https://www.alchemistcodedb.com/unit/klima,Klima,Feb-09-2023,NOT_SCRAPE
https://www.alchemistcodedb.com/unit/itsuki,Itsuki,Feb-09-2023,NOT_SCRAPE
https://www.alchemistcodedb.com/unit/gl-minerva,Minerva,Feb-09-2023,NOT_SCRAPE
https://www.alchemistcodedb.com/unit/vier,Vier,Feb-09-2023,NOT_SCRAPE
https://www.alchemistcodedb.com/unit/achad,Acht,Feb-09-2023,NOT_SCRAPE
https://www.alchemistcodedb.com/unit/chiruru,Chiruru,Feb-09-2023,NOT_SCRAPE
https://www.alchemistcodedb.com/unit/celliers,Celliers,Feb-09-2023,NOT_SCRAPE
https://www.alchemistcodedb.com/unit/birgitta,Birgitta,Feb-09-2023,NOT_SCRAPE
https://www.alchemistcodedb.com/unit/priscila,Priscilla,Feb-09-2023,NOT_SCRAPE
https://www.alchemistcodedb.com/unit/daisy,Daisy,Feb-09-2023,NOT_SCRAPE
https://www.alchemistcodedb.com/unit/dartagnan,D'Artagnan,Feb-09-2023,NOT_SCRAPE
https://www.alchemistcodedb.com/unit/fa-envy,Envy,Feb-09-2023,NOT_SCRAPE
https://www.alchemistcodedb.com/unit/fa-wrath,King Bradley,Feb-09-2023,NOT_SCRAPE
https://www.alchemistcodedb.com/unit/fa-pride,Pride,Feb-09-2023,NOT_SCRAPE
https://www.alchemistcodedb.com/unit/fa-hawkeye,Riza Hawkeye,Feb-09-2023,NOT_SCRAPE
https://www.alchemistcodedb.com/unit/fa-mustang,Roy Mustang,Feb-09-2023,NOT_SCRAPE
https://www.alchemistcodedb.com/unit/toritoh,Toritoh,Feb-09-2023,NOT_SCRAPE
https://www.alchemistcodedb.com/unit/fa-edward,Edward,Feb-09-2023,NOT_SCRAPE
https://www.alchemistcodedb.com/unit/fa-alphonse,Alphonse,Feb-09-2023,NOT_SCRAPE
https://www.alchemistcodedb.com/unit/hugo,Hugo,Feb-09-2023,NOT_SCRAPE
https://www.alchemistcodedb.com/unit/annika,Annika,Feb-09-2023,NOT_SCRAPE
https://www.alchemistcodedb.com/unit/zophie,Zofia,Feb-09-2023,NOT_SCRAPE
https://www.alchemistcodedb.com/unit/noah,Noah,Feb-09-2023,NOT_SCRAPE
https://www.alchemistcodedb.com/unit/gl-roxa,Roxanne,Feb-09-2023,NOT_SCRAPE
https://www.alchemistcodedb.com/unit/basini,Basheeny,Feb-09-2023,NOT_SCRAPE
https://www.alchemistcodedb.com/unit/fujica,Fujika,Feb-09-2023,NOT_SCRAPE
https://www.alchemistcodedb.com/unit/uzuma,Uzuma,Feb-09-2023,NOT_SCRAPE
https://www.alchemistcodedb.com/unit/leonia,Leoniaz,Feb-09-2023,NOT_SCRAPE
https://www.alchemistcodedb.com/unit/lavina,Ravina,Feb-09-2023,NOT_SCRAPE
https://www.alchemistcodedb.com/unit/blanchett,Blanchett,Feb-09-2023,NOT_SCRAPE
https://www.alchemistcodedb.com/unit/dis-rosa,Rosa,Feb-09-2023,NOT_SCRAPE
https://www.alchemistcodedb.com/unit/dis-almila,Almira,Feb-09-2023,NOT_SCRAPE
https://www.alchemistcodedb.com/unit/dis-prinny,Prinny,Feb-09-2023,NOT_SCRAPE
https://www.alchemistcodedb.com/unit/dis-etona,Etna,Feb-09-2023,NOT_SCRAPE
https://www.alchemistcodedb.com/unit/dis-lahar,Laharl,Feb-09-2023,NOT_SCRAPE
https://www.alchemistcodedb.com/unit/dis-rinn,Rin,Feb-09-2023,NOT_SCRAPE
https://www.alchemistcodedb.com/unit/dis-redmagnus,Red Magnus,Feb-09-2023,NOT_SCRAPE
https://www.alchemistcodedb.com/unit/dis-seraphina,Seraphina,Feb-09-2023,NOT_SCRAPE
https://www.alchemistcodedb.com/unit/dis-killia,Killia,Feb-09-2023,NOT_SCRAPE
https://www.alchemistcodedb.com/unit/dis-usalia,Usalia,Feb-09-2023,NOT_SCRAPE
https://www.alchemistcodedb.com/unit/miuna,Miuna,Feb-09-2023,NOT_SCRAPE
https://www.alchemistcodedb.com/unit/olga,Olga,Feb-09-2023,NOT_SCRAPE
https://www.alchemistcodedb.com/unit/chao,Chao,Feb-09-2023,NOT_SCRAPE
https://www.alchemistcodedb.com/unit/gl-soren,Soren,Feb-09-2023,NOT_SCRAPE
https://www.alchemistcodedb.com/unit/gl-shion,Shion,Feb-09-2023,NOT_SCRAPE
https://www.alchemistcodedb.com/unit/zin,Jin,Feb-09-2023,NOT_SCRAPE
https://www.alchemistcodedb.com/unit/yunagi,Yunagi,Feb-09-2023,NOT_SCRAPE
https://www.alchemistcodedb.com/unit/s-yuri,Yuri,Feb-09-2023,NOT_SCRAPE
https://www.alchemistcodedb.com/unit/pok-eros,Eros,Feb-09-2023,NOT_SCRAPE
https://www.alchemistcodedb.com/unit/s-amaterasu,Amaterasu,Feb-09-2023,NOT_SCRAPE
https://www.alchemistcodedb.com/unit/thillie,Thillie,Feb-09-2023,NOT_SCRAPE
https://www.alchemistcodedb.com/unit/mikoto,Mikoto,Feb-09-2023,NOT_SCRAPE
https://www.alchemistcodedb.com/unit/nasario,Nasario,Feb-09-2023,NOT_SCRAPE
https://www.alchemistcodedb.com/unit/yuto,Yuto,Feb-09-2023,NOT_SCRAPE
https://www.alchemistcodedb.com/unit/ff15-aranea,Aranea,Feb-09-2023,NOT_SCRAPE
https://www.alchemistcodedb.com/unit/ff15-gladiolus,Gladiolus,Feb-09-2023,NOT_SCRAPE
https://www.alchemistcodedb.com/unit/ff15-promputo,Prompto,Feb-09-2023,NOT_SCRAPE
https://www.alchemistcodedb.com/unit/ff15-ignis,Ignis,Feb-09-2023,NOT_SCRAPE
https://www.alchemistcodedb.com/unit/ff15-noctis,Noctis,Feb-09-2023,NOT_SCRAPE
https://www.alchemistcodedb.com/unit/gl-sieg,Siegfried,Feb-09-2023,NOT_SCRAPE
https://www.alchemistcodedb.com/unit/eizan,Eizan,Feb-09-2023,NOT_SCRAPE
https://www.alchemistcodedb.com/unit/sheherazade,Scheherazade,Feb-09-2023,NOT_SCRAPE
https://www.alchemistcodedb.com/unit/tamamo,Tamamo,Feb-09-2023,NOT_SCRAPE
https://www.alchemistcodedb.com/unit/mariannu,Mirianne,Feb-09-2023,NOT_SCRAPE
https://www.alchemistcodedb.com/unit/setsuna,Setsuna,Feb-09-2023,NOT_SCRAPE
https://www.alchemistcodedb.com/unit/sophia,Sophia,Feb-09-2023,NOT_SCRAPE
https://www.alchemistcodedb.com/unit/tina,Tina,Feb-09-2023,NOT_SCRAPE
https://www.alchemistcodedb.com/unit/othima,Othima,Feb-09-2023,NOT_SCRAPE
https://www.alchemistcodedb.com/unit/erurike,Elrike,Feb-09-2023,NOT_SCRAPE
https://www.alchemistcodedb.com/unit/glanz,Glanz,Feb-09-2023,NOT_SCRAPE
https://www.alchemistcodedb.com/unit/vivi,Vivi,Feb-09-2023,NOT_SCRAPE
https://www.alchemistcodedb.com/unit/neica,Neica,Feb-09-2023,NOT_SCRAPE
https://www.alchemistcodedb.com/unit/rameses,Ramses,Feb-09-2023,NOT_SCRAPE
https://www.alchemistcodedb.com/unit/peridot,Peridot,Feb-09-2023,NOT_SCRAPE
https://www.alchemistcodedb.com/unit/soleil,Soleil,Feb-09-2023,NOT_SCRAPE
https://www.alchemistcodedb.com/unit/deneb,Deneb,Feb-09-2023,NOT_SCRAPE
https://www.alchemistcodedb.com/unit/gormalas,Gormalas,Feb-09-2023,NOT_SCRAPE
https://www.alchemistcodedb.com/unit/meifan,Mei Fang,Feb-09-2023,NOT_SCRAPE
https://www.alchemistcodedb.com/unit/zayin,Zain,Feb-09-2023,NOT_SCRAPE
https://www.alchemistcodedb.com/unit/yaulas,Yauras,Feb-09-2023,NOT_SCRAPE
https://www.alchemistcodedb.com/unit/hayate,Hayate,Feb-09-2023,NOT_SCRAPE
https://www.alchemistcodedb.com/unit/margaret,Margaret,Feb-09-2023,NOT_SCRAPE
https://www.alchemistcodedb.com/unit/lupinus,Lupinus,Feb-09-2023,NOT_SCRAPE
https://www.alchemistcodedb.com/unit/zeke,Zeke,Feb-09-2023,NOT_SCRAPE
https://www.alchemistcodedb.com/unit/fate-yomi,Yomi,Feb-09-2023,NOT_SCRAPE
https://www.alchemistcodedb.com/unit/gilgamesh,Gilgamesh,Feb-09-2023,NOT_SCRAPE
https://www.alchemistcodedb.com/unit/fate-zahar,Zahar,Feb-09-2023,NOT_SCRAPE
https://www.alchemistcodedb.com/unit/fate-lamia,Lamia,Feb-09-2023,NOT_SCRAPE
https://www.alchemistcodedb.com/unit/iriya,Illyasviel,Feb-09-2023,NOT_SCRAPE
https://www.alchemistcodedb.com/unit/archer,Archer,Feb-09-2023,NOT_SCRAPE
https://www.alchemistcodedb.com/unit/tosaka-rinn,Rin Tohsaka,Feb-09-2023,NOT_SCRAPE
https://www.alchemistcodedb.com/unit/saber,Saber,Feb-09-2023,NOT_SCRAPE
https://www.alchemistcodedb.com/unit/kyaroru,Carol,Feb-09-2023,NOT_SCRAPE
https://www.alchemistcodedb.com/unit/spica,Spica,Feb-09-2023,NOT_SCRAPE
https://www.alchemistcodedb.com/unit/asuwado,Aswald,Feb-09-2023,NOT_SCRAPE
https://www.alchemistcodedb.com/unit/milis,Milis,Feb-09-2023,NOT_SCRAPE
https://www.alchemistcodedb.com/unit/s-sakura,Sakura,Feb-09-2023,NOT_SCRAPE
https://www.alchemistcodedb.com/unit/folcas,Forcas,Feb-09-2023,NOT_SCRAPE
https://www.alchemistcodedb.com/unit/basyosen,Bashosen,Feb-09-2023,NOT_SCRAPE
https://www.alchemistcodedb.com/unit/s-yomi,Dark Princess Yomi,Feb-09-2023,NOT_SCRAPE
https://www.alchemistcodedb.com/unit/victor,Victor,Feb-09-2023,NOT_SCRAPE
https://www.alchemistcodedb.com/unit/dorothea,Dorothea,Feb-09-2023,NOT_SCRAPE
https://www.alchemistcodedb.com/unit/monzein,Monzein,Feb-09-2023,NOT_SCRAPE
https://www.alchemistcodedb.com/unit/seida,Seida,Feb-09-2023,NOT_SCRAPE
https://www.alchemistcodedb.com/unit/hazel,Hazel,Feb-09-2023,NOT_SCRAPE
https://www.alchemistcodedb.com/unit/aruba,Aruba,Feb-09-2023,NOT_SCRAPE
https://www.alchemistcodedb.com/unit/kuraju,Courage,Feb-09-2023,NOT_SCRAPE
https://www.alchemistcodedb.com/unit/teona,Teona,Feb-09-2023,NOT_SCRAPE
https://www.alchemistcodedb.com/unit/veloz,Veloz,Feb-09-2023,NOT_SCRAPE
https://www.alchemistcodedb.com/unit/lucretia,Lucretia,Feb-09-2023,NOT_SCRAPE
https://www.alchemistcodedb.com/unit/fraise,Fraise,Feb-09-2023,NOT_SCRAPE
https://www.alchemistcodedb.com/unit/albell,Albea,Feb-09-2023,NOT_SCRAPE
https://www.alchemistcodedb.com/unit/eve,Eve,Feb-09-2023,NOT_SCRAPE
https://www.alchemistcodedb.com/unit/kudhanstein,Kudanstein,Feb-09-2023,NOT_SCRAPE
https://www.alchemistcodedb.com/unit/kagura,Kagura,Feb-09-2023,NOT_SCRAPE
https://www.alchemistcodedb.com/unit/masamune,Masamune,Feb-09-2023,NOT_SCRAPE
https://www.alchemistcodedb.com/unit/sita,Cita,Feb-09-2023,NOT_SCRAPE
https://www.alchemistcodedb.com/unit/shekinah,Shekinah,Feb-09-2023,NOT_SCRAPE
https://www.alchemistcodedb.com/unit/tyrhung,Tyrfing,Feb-09-2023,NOT_SCRAPE
https://www.alchemistcodedb.com/unit/laevateinn,Laevateinn,Feb-09-2023,NOT_SCRAPE
https://www.alchemistcodedb.com/unit/flamel,Flamel,Feb-09-2023,NOT_SCRAPE
https://www.alchemistcodedb.com/unit/shenmei,Shenmei,Feb-09-2023,NOT_SCRAPE
https://www.alchemistcodedb.com/unit/cadanova,Cadanova,Feb-09-2023,NOT_SCRAPE
https://www.alchemistcodedb.com/unit/canon,Kanon,Feb-09-2023,NOT_SCRAPE
https://www.alchemistcodedb.com/unit/vincent,Vincent,Feb-09-2023,NOT_SCRAPE
https://www.alchemistcodedb.com/unit/reimei,Reimei,Feb-09-2023,NOT_SCRAPE
https://www.alchemistcodedb.com/unit/suzuka,Suzuka,Feb-09-2023,NOT_SCRAPE
https://www.alchemistcodedb.com/unit/sabaleta,Sabareta,Feb-09-2023,NOT_SCRAPE
https://www.alchemistcodedb.com/unit/rosa,Rosa,Feb-09-2023,NOT_SCRAPE
https://www.alchemistcodedb.com/unit/ryle,Ryle,Feb-09-2023,NOT_SCRAPE
https://www.alchemistcodedb.com/unit/reida,Reida,Feb-09-2023,NOT_SCRAPE
https://www.alchemistcodedb.com/unit/shayna,Shayna,Feb-09-2023,NOT_SCRAPE
https://www.alchemistcodedb.com/unit/selena,Selena,Feb-09-2023,NOT_SCRAPE
https://www.alchemistcodedb.com/unit/vargas,Vargas,Feb-09-2023,NOT_SCRAPE
https://www.alchemistcodedb.com/unit/fungliu,Fung Liu,Feb-09-2023,NOT_SCRAPE
https://www.alchemistcodedb.com/unit/mielikki,Mielikki,Feb-09-2023,NOT_SCRAPE
https://www.alchemistcodedb.com/unit/merda,Melda,Feb-09-2023,NOT_SCRAPE
https://www.alchemistcodedb.com/unit/balt,Balt,Feb-09-2023,NOT_SCRAPE
https://www.alchemistcodedb.com/unit/retzius,Retzius,Feb-09-2023,NOT_SCRAPE
https://www.alchemistcodedb.com/unit/magnus,Magnus,Feb-09-2023,NOT_SCRAPE
https://www.alchemistcodedb.com/unit/elizabeth,Elizabeth,Feb-09-2023,NOT_SCRAPE
https://www.alchemistcodedb.com/unit/regen,Reagan,Feb-09-2023,NOT_SCRAPE
https://www.alchemistcodedb.com/unit/anastasia,Anastasia,Feb-09-2023,NOT_SCRAPE
https://www.alchemistcodedb.com/unit/vettel,Vettel,Feb-09-2023,NOT_SCRAPE
https://www.alchemistcodedb.com/unit/yomi,Yomi,Feb-09-2023,NOT_SCRAPE
https://www.alchemistcodedb.com/unit/rahu,Rahu,Feb-09-2023,NOT_SCRAPE
https://www.alchemistcodedb.com/unit/cloe,Chloe,Feb-09-2023,NOT_SCRAPE
https://www.alchemistcodedb.com/unit/zahar,Zahar,Feb-09-2023,NOT_SCRAPE
https://www.alchemistcodedb.com/unit/chalice,Caris,Feb-09-2023,NOT_SCRAPE
https://www.alchemistcodedb.com/unit/lucia,Lucian,Feb-09-2023,NOT_SCRAPE
https://www.alchemistcodedb.com/unit/megistos,Megistos,Feb-09-2023,NOT_SCRAPE
https://www.alchemistcodedb.com/unit/zangetsu,Zangetsu,Feb-09-2023,NOT_SCRAPE
https://www.alchemistcodedb.com/unit/lamia,Lamia,Feb-09-2023,NOT_SCRAPE
https://www.alchemistcodedb.com/unit/rofia,Lofia,Feb-09-2023,NOT_SCRAPE
https://www.alchemistcodedb.com/unit/chihaya,Chihaya,Feb-09-2023,NOT_SCRAPE
https://www.alchemistcodedb.com/unit/sutorie,Strie,Feb-09-2023,NOT_SCRAPE
https://www.alchemistcodedb.com/unit/dilga,Dilga,Feb-09-2023,NOT_SCRAPE
https://www.alchemistcodedb.com/unit/freed,Freed,Feb-09-2023,NOT_SCRAPE
https://www.alchemistcodedb.com/unit/celine,Celine,Feb-09-2023,NOT_SCRAPE
https://www.alchemistcodedb.com/unit/mare,Mia,Feb-09-2023,NOT_SCRAPE
https://www.alchemistcodedb.com/unit/miannu,Mianne,Feb-09-2023,NOT_SCRAPE
https://www.alchemistcodedb.com/unit/kuon,Kuon,Feb-09-2023,NOT_SCRAPE
https://www.alchemistcodedb.com/unit/arkill,Arkil,Feb-09-2023,NOT_SCRAPE
https://www.alchemistcodedb.com/unit/michael,Michael,Feb-09-2023,NOT_SCRAPE
https://www.alchemistcodedb.com/unit/almila,Almira,Feb-09-2023,NOT_SCRAPE
https://www.alchemistcodedb.com/unit/patti,Patty,Feb-09-2023,NOT_SCRAPE
https://www.alchemistcodedb.com/unit/rion,Leon,Feb-09-2023,NOT_SCRAPE
https://www.alchemistcodedb.com/unit/sarauzu,Strauss,Feb-09-2023,NOT_SCRAPE
https://www.alchemistcodedb.com/unit/ayllu,Alyu,Feb-09-2023,NOT_SCRAPE
https://www.alchemistcodedb.com/unit/gayn,Gane,Feb-09-2023,NOT_SCRAPE
https://www.alchemistcodedb.com/unit/annerose,Annerose,Feb-09-2023,NOT_SCRAPE
https://www.alchemistcodedb.com/unit/ennis,Ennis,Feb-09-2023,NOT_SCRAPE
https://www.alchemistcodedb.com/unit/decel,Decel,Feb-09-2023,NOT_SCRAPE
https://www.alchemistcodedb.com/unit/yuan,Yuan,Feb-09-2023,NOT_SCRAPE
https://www.alchemistcodedb.com/unit/ciel,Ciel,Feb-09-2023,NOT_SCRAPE
https://www.alchemistcodedb.com/unit/kazahaya,Kazahaya,Feb-09-2023,NOT_SCRAPE
https://www.alchemistcodedb.com/unit/mizuchi,Mizuchi,Feb-09-2023,NOT_SCRAPE
https://www.alchemistcodedb.com/unit/ishuna,Ishuna,Feb-09-2023,NOT_SCRAPE
https://www.alchemistcodedb.com/unit/amis,Amis,Feb-09-2023,NOT_SCRAPE
https://www.alchemistcodedb.com/unit/vanekis,Vanekis,Feb-09-2023,NOT_SCRAPE
https://www.alchemistcodedb.com/unit/elaine,Elaine,Feb-09-2023,NOT_SCRAPE
https://www.alchemistcodedb.com/unit/riche,Richie,Feb-09-2023,NOT_SCRAPE
https://www.alchemistcodedb.com/unit/jake,Jake,Feb-09-2023,NOT_SCRAPE
https://www.alchemistcodedb.com/unit/hazuki,Hazuki,Feb-09-2023,NOT_SCRAPE
https://www.alchemistcodedb.com/unit/gath,Gato,Feb-09-2023,NOT_SCRAPE
https://www.alchemistcodedb.com/unit/runbell,Lambert,Feb-09-2023,NOT_SCRAPE
https://www.alchemistcodedb.com/unit/melia,Melia,Feb-09-2023,NOT_SCRAPE
https://www.alchemistcodedb.com/unit/alfred,Alfred,Feb-09-2023,NOT_SCRAPE
https://www.alchemistcodedb.com/unit/meily,Meily,Feb-09-2023,NOT_SCRAPE
https://www.alchemistcodedb.com/unit/anjou,Ange,Feb-09-2023,NOT_SCRAPE
https://www.alchemistcodedb.com/unit/pollin,Polin,Feb-09-2023,NOT_SCRAPE
https://www.alchemistcodedb.com/unit/alexis,Alexis,Feb-09-2023,NOT_SCRAPE
https://www.alchemistcodedb.com/unit/gain,Gyan,Feb-09-2023,NOT_SCRAPE
https://www.alchemistcodedb.com/unit/rinn,Rin,Feb-09-2023,NOT_SCRAPE
https://www.alchemistcodedb.com/unit/rigaruto,Rigalt,Feb-09-2023,NOT_SCRAPE
https://www.alchemistcodedb.com/unit/lucido,Lucido,Feb-09-2023,NOT_SCRAPE
https://www.alchemistcodedb.com/unit/alaia,Alaia,Feb-09-2023,NOT_SCRAPE
https://www.alchemistcodedb.com/unit/liesbet,Lisbeth,Feb-09-2023,NOT_SCRAPE
https://www.alchemistcodedb.com/unit/edgar,Edgar,Feb-09-2023,NOT_SCRAPE
https://www.alchemistcodedb.com/unit/dios,Dias,Feb-09-2023,NOT_SCRAPE
https://www.alchemistcodedb.com/unit/logi,Logi,Feb-09-2023,NOT_SCRAPE
